[
  {
    "__type__": "cc.Prefab",
    "_name": "",
    "_objFlags": 0,
    "_native": "",
    "data": {
      "__id__": 1
    },
    "optimizationPolicy": 0,
    "persistent": false,
    "asyncLoadAssets": false
  },
  {
    "__type__": "cc.Node",
    "_name": "House1",
    "_objFlags": 0,
    "__editorExtras__": {},
    "_parent": null,
    "_children": [
      {
        "__id__": 2
      },
      {
        "__id__": 8
      },
      {
        "__id__": 122
      },
      {
        "__id__": 126
      }
    ],
    "_active": true,
    "_components": [
      {
        "__id__": 160
      }
    ],
    "_prefab": {
      "__id__": 162
    },
    "_lpos": {
      "__type__": "cc.Vec3",
      "x": 0,
      "y": 0,
      "z": 0
    },
    "_lrot": {
      "__type__": "cc.Quat",
      "x": 0,
      "y": 0,
      "z": 0,
      "w": 1
    },
    "_lscale": {
      "__type__": "cc.Vec3",
      "x": 1,
      "y": 1,
      "z": 1
    },
    "_layer": 33554432,
    "_euler": {
      "__type__": "cc.Vec3",
      "x": 0,
      "y": 0,
      "z": 0
    },
    "_id": ""
  },
  {
    "__type__": "cc.Node",
    "_name": "BackGround",
    "_objFlags": 512,
    "_parent": {
      "__id__": 1
    },
    "_children": [],
    "_active": true,
    "_components": [
      {
        "__id__": 3
      },
      {
        "__id__": 5
      }
    ],
    "_prefab": {
      "__id__": 7
    },
    "_lpos": {
      "__type__": "cc.Vec3",
      "x": 0,
      "y": 0,
      "z": 0
    },
    "_lrot": {
      "__type__": "cc.Quat",
      "x": 0,
      "y": 0,
      "z": 0,
      "w": 1
    },
    "_lscale": {
      "__type__": "cc.Vec3",
      "x": 1,
      "y": 1,
      "z": 1
    },
    "_layer": 33554432,
    "_euler": {
      "__type__": "cc.Vec3",
      "x": 0,
      "y": 0,
      "z": 0
    },
    "_id": ""
  },
  {
    "__type__": "cc.UITransform",
    "_name": "",
    "_objFlags": 0,
    "node": {
      "__id__": 2
    },
    "_enabled": true,
    "__prefab": {
      "__id__": 4
    },
    "_contentSize": {
      "__type__": "cc.Size",
      "width": 2048,
      "height": 2048
    },
    "_anchorPoint": {
      "__type__": "cc.Vec2",
      "x": 0.5,
      "y": 0.5
    },
    "_id": ""
  },
  {
    "__type__": "cc.CompPrefabInfo",
    "fileId": "19LhnNJztDtpeJ1kXrZjei"
  },
  {
    "__type__": "cc.Sprite",
    "_name": "",
    "_objFlags": 0,
    "node": {
      "__id__": 2
    },
    "_enabled": true,
    "__prefab": {
      "__id__": 6
    },
    "_visFlags": 0,
    "_customMaterial": null,
    "_srcBlendFactor": 2,
    "_dstBlendFactor": 4,
    "_color": {
      "__type__": "cc.Color",
      "r": 255,
      "g": 255,
      "b": 255,
      "a": 255
    },
    "_spriteFrame": {
      "__uuid__": "0cd09461-1b18-4c65-bea4-db5904acc5ce@f9941",
      "__expectedType__": "cc.SpriteFrame"
    },
    "_type": 0,
    "_fillType": 0,
    "_sizeMode": 0,
    "_fillCenter": {
      "__type__": "cc.Vec2",
      "x": 0,
      "y": 0
    },
    "_fillStart": 0,
    "_fillRange": 0,
    "_isTrimmedMode": true,
    "_useGrayscale": false,
    "_atlas": null,
    "_id": ""
  },
  {
    "__type__": "cc.CompPrefabInfo",
    "fileId": "6de44Foq1LIKLeUwNpXXXS"
  },
  {
    "__type__": "cc.PrefabInfo",
    "root": {
      "__id__": 1
    },
    "asset": {
      "__id__": 0
    },
    "fileId": "654zyWECFA1qG+mt80OCcd"
  },
  {
    "__type__": "cc.Node",
    "_name": "LayerBox",
    "_objFlags": 512,
    "_parent": {
      "__id__": 1
    },
    "_children": [
      {
        "__id__": 9
      },
      {
        "__id__": 19
      },
      {
        "__id__": 29
      },
      {
        "__id__": 39
      },
      {
        "__id__": 49
      },
      {
        "__id__": 59
      },
      {
        "__id__": 69
      },
      {
        "__id__": 79
      },
      {
        "__id__": 89
      },
      {
        "__id__": 99
      },
      {
        "__id__": 109
      }
    ],
    "_active": true,
    "_components": [
      {
        "__id__": 119
      }
    ],
    "_prefab": {
      "__id__": 121
    },
    "_lpos": {
      "__type__": "cc.Vec3",
      "x": 0,
      "y": 0,
      "z": 0
    },
    "_lrot": {
      "__type__": "cc.Quat",
      "x": 0,
      "y": 0,
      "z": 0,
      "w": 1
    },
    "_lscale": {
      "__type__": "cc.Vec3",
      "x": 1,
      "y": 1,
      "z": 1
    },
    "_layer": 33554432,
    "_euler": {
      "__type__": "cc.Vec3",
      "x": 0,
      "y": 0,
      "z": 0
    },
    "_id": ""
  },
  {
    "__type__": "cc.Node",
    "_objFlags": 0,
    "_parent": {
      "__id__": 8
    },
    "_prefab": {
      "__id__": 10
    },
    "__editorExtras__": {}
  },
  {
    "__type__": "cc.PrefabInfo",
    "root": {
      "__id__": 9
    },
    "asset": {
      "__uuid__": "4afd160b-1dc1-49e9-95d1-8d39c3cbb3e9",
      "__expectedType__": "cc.Prefab"
    },
    "fileId": "f7S8xY4RBD+qaS2SsUx4va",
    "instance": {
      "__id__": 11
    }
  },
  {
    "__type__": "cc.PrefabInstance",
    "fileId": "b8S7Ht9gdHxIC8ljDNRqW2",
    "prefabRootNode": {
      "__id__": 1
    },
    "mountedChildren": [],
    "mountedComponents": [],
    "propertyOverrides": [
      {
        "__id__": 12
      },
      {
        "__id__": 14
      },
      {
        "__id__": 15
      },
      {
        "__id__": 16
      },
      {
        "__id__": 17
      }
    ],
    "removedComponents": []
  },
  {
    "__type__": "CCPropertyOverrideInfo",
    "targetInfo": {
      "__id__": 13
    },
    "propertyPath": [
      "_name"
    ],
    "value": "CollideBox"
  },
  {
    "__type__": "cc.TargetInfo",
    "localID": [
      "f7S8xY4RBD+qaS2SsUx4va"
    ]
  },
  {
    "__type__": "CCPropertyOverrideInfo",
    "targetInfo": {
      "__id__": 13
    },
    "propertyPath": [
      "_lpos"
    ],
    "value": {
      "__type__": "cc.Vec3",
      "x": -992,
      "y": 736,
      "z": 0
    }
  },
  {
    "__type__": "CCPropertyOverrideInfo",
    "targetInfo": {
      "__id__": 13
    },
    "propertyPath": [
      "_lrot"
    ],
    "value": {
      "__type__": "cc.Quat",
      "x": 0,
      "y": 0,
      "z": 0,
      "w": 1
    }
  },
  {
    "__type__": "CCPropertyOverrideInfo",
    "targetInfo": {
      "__id__": 13
    },
    "propertyPath": [
      "_euler"
    ],
    "value": {
      "__type__": "cc.Vec3",
      "x": 0,
      "y": 0,
      "z": 0
    }
  },
  {
    "__type__": "CCPropertyOverrideInfo",
    "targetInfo": {
      "__id__": 18
    },
    "propertyPath": [
      "_contentSize"
    ],
    "value": {
      "__type__": "cc.Size",
      "width": 64,
      "height": 576
    }
  },
  {
    "__type__": "cc.TargetInfo",
    "localID": [
      "6aLjTmbzZMKrHErgYTPa8u"
    ]
  },
  {
    "__type__": "cc.Node",
    "_objFlags": 0,
    "_parent": {
      "__id__": 8
    },
    "_prefab": {
      "__id__": 20
    },
    "__editorExtras__": {}
  },
  {
    "__type__": "cc.PrefabInfo",
    "root": {
      "__id__": 19
    },
    "asset": {
      "__uuid__": "4afd160b-1dc1-49e9-95d1-8d39c3cbb3e9",
      "__expectedType__": "cc.Prefab"
    },
    "fileId": "f7S8xY4RBD+qaS2SsUx4va",
    "instance": {
      "__id__": 21
    }
  },
  {
    "__type__": "cc.PrefabInstance",
    "fileId": "6dr4Kga7dKhY6T2WCEd5J1",
    "prefabRootNode": {
      "__id__": 1
    },
    "mountedChildren": [],
    "mountedComponents": [],
    "propertyOverrides": [
      {
        "__id__": 22
      },
      {
        "__id__": 24
      },
      {
        "__id__": 25
      },
      {
        "__id__": 26
      },
      {
        "__id__": 27
      }
    ],
    "removedComponents": []
  },
  {
    "__type__": "CCPropertyOverrideInfo",
    "targetInfo": {
      "__id__": 23
    },
    "propertyPath": [
      "_name"
    ],
    "value": "CollideBox-001"
  },
  {
    "__type__": "cc.TargetInfo",
    "localID": [
      "f7S8xY4RBD+qaS2SsUx4va"
    ]
  },
  {
    "__type__": "CCPropertyOverrideInfo",
    "targetInfo": {
      "__id__": 23
    },
    "propertyPath": [
      "_lpos"
    ],
    "value": {
      "__type__": "cc.Vec3",
      "x": -992,
      "y": -416,
      "z": 0
    }
  },
  {
    "__type__": "CCPropertyOverrideInfo",
    "targetInfo": {
      "__id__": 23
    },
    "propertyPath": [
      "_lrot"
    ],
    "value": {
      "__type__": "cc.Quat",
      "x": 0,
      "y": 0,
      "z": 0,
      "w": 1
    }
  },
  {
    "__type__": "CCPropertyOverrideInfo",
    "targetInfo": {
      "__id__": 23
    },
    "propertyPath": [
      "_euler"
    ],
    "value": {
      "__type__": "cc.Vec3",
      "x": 0,
      "y": 0,
      "z": 0
    }
  },
  {
    "__type__": "CCPropertyOverrideInfo",
    "targetInfo": {
      "__id__": 28
    },
    "propertyPath": [
      "_contentSize"
    ],
    "value": {
      "__type__": "cc.Size",
      "width": 64,
      "height": 1216
    }
  },
  {
    "__type__": "cc.TargetInfo",
    "localID": [
      "6aLjTmbzZMKrHErgYTPa8u"
    ]
  },
  {
    "__type__": "cc.Node",
    "_objFlags": 0,
    "_parent": {
      "__id__": 8
    },
    "_prefab": {
      "__id__": 30
    },
    "__editorExtras__": {}
  },
  {
    "__type__": "cc.PrefabInfo",
    "root": {
      "__id__": 29
    },
    "asset": {
      "__uuid__": "4afd160b-1dc1-49e9-95d1-8d39c3cbb3e9",
      "__expectedType__": "cc.Prefab"
    },
    "fileId": "f7S8xY4RBD+qaS2SsUx4va",
    "instance": {
      "__id__": 31
    }
  },
  {
    "__type__": "cc.PrefabInstance",
    "fileId": "500KHA0RdBqK2kXPxojtYR",
    "prefabRootNode": {
      "__id__": 1
    },
    "mountedChildren": [],
    "mountedComponents": [],
    "propertyOverrides": [
      {
        "__id__": 32
      },
      {
        "__id__": 34
      },
      {
        "__id__": 35
      },
      {
        "__id__": 36
      },
      {
        "__id__": 37
      }
    ],
    "removedComponents": []
  },
  {
    "__type__": "CCPropertyOverrideInfo",
    "targetInfo": {
      "__id__": 33
    },
    "propertyPath": [
      "_name"
    ],
    "value": "CollideBox-002"
  },
  {
    "__type__": "cc.TargetInfo",
    "localID": [
      "f7S8xY4RBD+qaS2SsUx4va"
    ]
  },
  {
    "__type__": "CCPropertyOverrideInfo",
    "targetInfo": {
      "__id__": 33
    },
    "propertyPath": [
      "_lpos"
    ],
    "value": {
      "__type__": "cc.Vec3",
      "x": -896,
      "y": 32,
      "z": 0
    }
  },
  {
    "__type__": "CCPropertyOverrideInfo",
    "targetInfo": {
      "__id__": 33
    },
    "propertyPath": [
      "_lrot"
    ],
    "value": {
      "__type__": "cc.Quat",
      "x": 0,
      "y": 0,
      "z": 0,
      "w": 1
    }
  },
  {
    "__type__": "CCPropertyOverrideInfo",
    "targetInfo": {
      "__id__": 33
    },
    "propertyPath": [
      "_euler"
    ],
    "value": {
      "__type__": "cc.Vec3",
      "x": 0,
      "y": 0,
      "z": 0
    }
  },
  {
    "__type__": "CCPropertyOverrideInfo",
    "targetInfo": {
      "__id__": 38
    },
    "propertyPath": [
      "_contentSize"
    ],
    "value": {
      "__type__": "cc.Size",
      "width": 128,
      "height": 64
    }
  },
  {
    "__type__": "cc.TargetInfo",
    "localID": [
      "6aLjTmbzZMKrHErgYTPa8u"
    ]
  },
  {
    "__type__": "cc.Node",
    "_objFlags": 0,
    "_parent": {
      "__id__": 8
    },
    "_prefab": {
      "__id__": 40
    },
    "__editorExtras__": {}
  },
  {
    "__type__": "cc.PrefabInfo",
    "root": {
      "__id__": 39
    },
    "asset": {
      "__uuid__": "4afd160b-1dc1-49e9-95d1-8d39c3cbb3e9",
      "__expectedType__": "cc.Prefab"
    },
    "fileId": "f7S8xY4RBD+qaS2SsUx4va",
    "instance": {
      "__id__": 41
    }
  },
  {
    "__type__": "cc.PrefabInstance",
    "fileId": "aa8v5ALYBJJpXsgXT66nqs",
    "prefabRootNode": {
      "__id__": 1
    },
    "mountedChildren": [],
    "mountedComponents": [],
    "propertyOverrides": [
      {
        "__id__": 42
      },
      {
        "__id__": 44
      },
      {
        "__id__": 45
      },
      {
        "__id__": 46
      },
      {
        "__id__": 47
      }
    ],
    "removedComponents": []
  },
  {
    "__type__": "CCPropertyOverrideInfo",
    "targetInfo": {
      "__id__": 43
    },
    "propertyPath": [
      "_name"
    ],
    "value": "CollideBox-003"
  },
  {
    "__type__": "cc.TargetInfo",
    "localID": [
      "f7S8xY4RBD+qaS2SsUx4va"
    ]
  },
  {
    "__type__": "CCPropertyOverrideInfo",
    "targetInfo": {
      "__id__": 43
    },
    "propertyPath": [
      "_lpos"
    ],
    "value": {
      "__type__": "cc.Vec3",
      "x": -352,
      "y": 32,
      "z": 0
    }
  },
  {
    "__type__": "CCPropertyOverrideInfo",
    "targetInfo": {
      "__id__": 43
    },
    "propertyPath": [
      "_lrot"
    ],
    "value": {
      "__type__": "cc.Quat",
      "x": 0,
      "y": 0,
      "z": 0,
      "w": 1
    }
  },
  {
    "__type__": "CCPropertyOverrideInfo",
    "targetInfo": {
      "__id__": 43
    },
    "propertyPath": [
      "_euler"
    ],
    "value": {
      "__type__": "cc.Vec3",
      "x": 0,
      "y": 0,
      "z": 0
    }
  },
  {
    "__type__": "CCPropertyOverrideInfo",
    "targetInfo": {
      "__id__": 48
    },
    "propertyPath": [
      "_contentSize"
    ],
    "value": {
      "__type__": "cc.Size",
      "width": 576,
      "height": 64
    }
  },
  {
    "__type__": "cc.TargetInfo",
    "localID": [
      "6aLjTmbzZMKrHErgYTPa8u"
    ]
  },
  {
    "__type__": "cc.Node",
    "_objFlags": 0,
    "_parent": {
      "__id__": 8
    },
    "_prefab": {
      "__id__": 50
    },
    "__editorExtras__": {}
  },
  {
    "__type__": "cc.PrefabInfo",
    "root": {
      "__id__": 49
    },
    "asset": {
      "__uuid__": "4afd160b-1dc1-49e9-95d1-8d39c3cbb3e9",
      "__expectedType__": "cc.Prefab"
    },
    "fileId": "f7S8xY4RBD+qaS2SsUx4va",
    "instance": {
      "__id__": 51
    }
  },
  {
    "__type__": "cc.PrefabInstance",
    "fileId": "a0rOJPtVhOcbMUyUKO75QC",
    "prefabRootNode": {
      "__id__": 1
    },
    "mountedChildren": [],
    "mountedComponents": [],
    "propertyOverrides": [
      {
        "__id__": 52
      },
      {
        "__id__": 54
      },
      {
        "__id__": 55
      },
      {
        "__id__": 56
      },
      {
        "__id__": 57
      }
    ],
    "removedComponents": []
  },
  {
    "__type__": "CCPropertyOverrideInfo",
    "targetInfo": {
      "__id__": 53
    },
    "propertyPath": [
      "_name"
    ],
    "value": "CollideBox-004"
  },
  {
    "__type__": "cc.TargetInfo",
    "localID": [
      "f7S8xY4RBD+qaS2SsUx4va"
    ]
  },
  {
    "__type__": "CCPropertyOverrideInfo",
    "targetInfo": {
      "__id__": 53
    },
    "propertyPath": [
      "_lpos"
    ],
    "value": {
      "__type__": "cc.Vec3",
      "x": 32,
      "y": 992,
      "z": 0
    }
  },
  {
    "__type__": "CCPropertyOverrideInfo",
    "targetInfo": {
      "__id__": 53
    },
    "propertyPath": [
      "_lrot"
    ],
    "value": {
      "__type__": "cc.Quat",
      "x": 0,
      "y": 0,
      "z": 0,
      "w": 1
    }
  },
  {
    "__type__": "CCPropertyOverrideInfo",
    "targetInfo": {
      "__id__": 53
    },
    "propertyPath": [
      "_euler"
    ],
    "value": {
      "__type__": "cc.Vec3",
      "x": 0,
      "y": 0,
      "z": 0
    }
  },
  {
    "__type__": "CCPropertyOverrideInfo",
    "targetInfo": {
      "__id__": 58
    },
    "propertyPath": [
      "_contentSize"
    ],
    "value": {
      "__type__": "cc.Size",
      "width": 1984,
      "height": 64
    }
  },
  {
    "__type__": "cc.TargetInfo",
    "localID": [
      "6aLjTmbzZMKrHErgYTPa8u"
    ]
  },
  {
    "__type__": "cc.Node",
    "_objFlags": 0,
    "_parent": {
      "__id__": 8
    },
    "_prefab": {
      "__id__": 60
    },
    "__editorExtras__": {}
  },
  {
    "__type__": "cc.PrefabInfo",
    "root": {
      "__id__": 59
    },
    "asset": {
      "__uuid__": "4afd160b-1dc1-49e9-95d1-8d39c3cbb3e9",
      "__expectedType__": "cc.Prefab"
    },
    "fileId": "f7S8xY4RBD+qaS2SsUx4va",
    "instance": {
      "__id__": 61
    }
  },
  {
    "__type__": "cc.PrefabInstance",
    "fileId": "a72h/s71ZOWogqVJ9I7S/9",
    "prefabRootNode": {
      "__id__": 1
    },
    "mountedChildren": [],
    "mountedComponents": [],
    "propertyOverrides": [
      {
        "__id__": 62
      },
      {
        "__id__": 64
      },
      {
        "__id__": 65
      },
      {
        "__id__": 66
      },
      {
        "__id__": 67
      }
    ],
    "removedComponents": []
  },
  {
    "__type__": "CCPropertyOverrideInfo",
    "targetInfo": {
      "__id__": 63
    },
    "propertyPath": [
      "_name"
    ],
    "value": "CollideBox-005"
  },
  {
    "__type__": "cc.TargetInfo",
    "localID": [
      "f7S8xY4RBD+qaS2SsUx4va"
    ]
  },
  {
    "__type__": "CCPropertyOverrideInfo",
    "targetInfo": {
      "__id__": 63
    },
    "propertyPath": [
      "_lpos"
    ],
    "value": {
      "__type__": "cc.Vec3",
      "x": -224,
      "y": -992,
      "z": 0
    }
  },
  {
    "__type__": "CCPropertyOverrideInfo",
    "targetInfo": {
      "__id__": 63
    },
    "propertyPath": [
      "_lrot"
    ],
    "value": {
      "__type__": "cc.Quat",
      "x": 0,
      "y": 0,
      "z": 0,
      "w": 1
    }
  },
  {
    "__type__": "CCPropertyOverrideInfo",
    "targetInfo": {
      "__id__": 63
    },
    "propertyPath": [
      "_euler"
    ],
    "value": {
      "__type__": "cc.Vec3",
      "x": 0,
      "y": 0,
      "z": 0
    }
  },
  {
    "__type__": "CCPropertyOverrideInfo",
    "targetInfo": {
      "__id__": 68
    },
    "propertyPath": [
      "_contentSize"
    ],
    "value": {
      "__type__": "cc.Size",
      "width": 1472,
      "height": 64
    }
  },
  {
    "__type__": "cc.TargetInfo",
    "localID": [
      "6aLjTmbzZMKrHErgYTPa8u"
    ]
  },
  {
    "__type__": "cc.Node",
    "_objFlags": 0,
    "_parent": {
      "__id__": 8
    },
    "_prefab": {
      "__id__": 70
    },
    "__editorExtras__": {}
  },
  {
    "__type__": "cc.PrefabInfo",
    "root": {
      "__id__": 69
    },
    "asset": {
      "__uuid__": "4afd160b-1dc1-49e9-95d1-8d39c3cbb3e9",
      "__expectedType__": "cc.Prefab"
    },
    "fileId": "f7S8xY4RBD+qaS2SsUx4va",
    "instance": {
      "__id__": 71
    }
  },
  {
    "__type__": "cc.PrefabInstance",
    "fileId": "c6bXHoC35NJ6ts5pe2opyd",
    "prefabRootNode": {
      "__id__": 1
    },
    "mountedChildren": [],
    "mountedComponents": [],
    "propertyOverrides": [
      {
        "__id__": 72
      },
      {
        "__id__": 74
      },
      {
        "__id__": 75
      },
      {
        "__id__": 76
      },
      {
        "__id__": 77
      }
    ],
    "removedComponents": []
  },
  {
    "__type__": "CCPropertyOverrideInfo",
    "targetInfo": {
      "__id__": 73
    },
    "propertyPath": [
      "_name"
    ],
    "value": "CollideBox-006"
  },
  {
    "__type__": "cc.TargetInfo",
    "localID": [
      "f7S8xY4RBD+qaS2SsUx4va"
    ]
  },
  {
    "__type__": "CCPropertyOverrideInfo",
    "targetInfo": {
      "__id__": 73
    },
    "propertyPath": [
      "_lpos"
    ],
    "value": {
      "__type__": "cc.Vec3",
      "x": 992,
      "y": 0,
      "z": 0
    }
  },
  {
    "__type__": "CCPropertyOverrideInfo",
    "targetInfo": {
      "__id__": 73
    },
    "propertyPath": [
      "_lrot"
    ],
    "value": {
      "__type__": "cc.Quat",
      "x": 0,
      "y": 0,
      "z": 0,
      "w": 1
    }
  },
  {
    "__type__": "CCPropertyOverrideInfo",
    "targetInfo": {
      "__id__": 73
    },
    "propertyPath": [
      "_euler"
    ],
    "value": {
      "__type__": "cc.Vec3",
      "x": 0,
      "y": 0,
      "z": 0
    }
  },
  {
    "__type__": "CCPropertyOverrideInfo",
    "targetInfo": {
      "__id__": 78
    },
    "propertyPath": [
      "_contentSize"
    ],
    "value": {
      "__type__": "cc.Size",
      "width": 64,
      "height": 1920
    }
  },
  {
    "__type__": "cc.TargetInfo",
    "localID": [
      "6aLjTmbzZMKrHErgYTPa8u"
    ]
  },
  {
    "__type__": "cc.Node",
    "_objFlags": 0,
    "_parent": {
      "__id__": 8
    },
    "_prefab": {
      "__id__": 80
    },
    "__editorExtras__": {}
  },
  {
    "__type__": "cc.PrefabInfo",
    "root": {
      "__id__": 79
    },
    "asset": {
      "__uuid__": "4afd160b-1dc1-49e9-95d1-8d39c3cbb3e9",
      "__expectedType__": "cc.Prefab"
    },
    "fileId": "f7S8xY4RBD+qaS2SsUx4va",
    "instance": {
      "__id__": 81
    }
  },
  {
    "__type__": "cc.PrefabInstance",
    "fileId": "29rVuXWPpPaoegBPcbeFii",
    "prefabRootNode": {
      "__id__": 1
    },
    "mountedChildren": [],
    "mountedComponents": [],
    "propertyOverrides": [
      {
        "__id__": 82
      },
      {
        "__id__": 84
      },
      {
        "__id__": 85
      },
      {
        "__id__": 86
      },
      {
        "__id__": 87
      }
    ],
    "removedComponents": []
  },
  {
    "__type__": "CCPropertyOverrideInfo",
    "targetInfo": {
      "__id__": 83
    },
    "propertyPath": [
      "_name"
    ],
    "value": "CollideBox-007"
  },
  {
    "__type__": "cc.TargetInfo",
    "localID": [
      "f7S8xY4RBD+qaS2SsUx4va"
    ]
  },
  {
    "__type__": "CCPropertyOverrideInfo",
    "targetInfo": {
      "__id__": 83
    },
    "propertyPath": [
      "_lpos"
    ],
    "value": {
      "__type__": "cc.Vec3",
      "x": 896,
      "y": -992,
      "z": 0
    }
  },
  {
    "__type__": "CCPropertyOverrideInfo",
    "targetInfo": {
      "__id__": 83
    },
    "propertyPath": [
      "_lrot"
    ],
    "value": {
      "__type__": "cc.Quat",
      "x": 0,
      "y": 0,
      "z": 0,
      "w": 1
    }
  },
  {
    "__type__": "CCPropertyOverrideInfo",
    "targetInfo": {
      "__id__": 83
    },
    "propertyPath": [
      "_euler"
    ],
    "value": {
      "__type__": "cc.Vec3",
      "x": 0,
      "y": 0,
      "z": 0
    }
  },
  {
    "__type__": "CCPropertyOverrideInfo",
    "targetInfo": {
      "__id__": 88
    },
    "propertyPath": [
      "_contentSize"
    ],
    "value": {
      "__type__": "cc.Size",
      "width": 256,
      "height": 64
    }
  },
  {
    "__type__": "cc.TargetInfo",
    "localID": [
      "6aLjTmbzZMKrHErgYTPa8u"
    ]
  },
  {
    "__type__": "cc.Node",
    "_objFlags": 0,
    "_parent": {
      "__id__": 8
    },
    "_prefab": {
      "__id__": 90
    },
    "__editorExtras__": {}
  },
  {
    "__type__": "cc.PrefabInfo",
    "root": {
      "__id__": 89
    },
    "asset": {
      "__uuid__": "4afd160b-1dc1-49e9-95d1-8d39c3cbb3e9",
      "__expectedType__": "cc.Prefab"
    },
    "fileId": "f7S8xY4RBD+qaS2SsUx4va",
    "instance": {
      "__id__": 91
    }
  },
  {
    "__type__": "cc.PrefabInstance",
    "fileId": "fcutQmJCBDx7bBC638xaq4",
    "prefabRootNode": {
      "__id__": 1
    },
    "mountedChildren": [],
    "mountedComponents": [],
    "propertyOverrides": [
      {
        "__id__": 92
      },
      {
        "__id__": 94
      },
      {
        "__id__": 95
      },
      {
        "__id__": 96
      },
      {
        "__id__": 97
      }
    ],
    "removedComponents": []
  },
  {
    "__type__": "CCPropertyOverrideInfo",
    "targetInfo": {
      "__id__": 93
    },
    "propertyPath": [
      "_name"
    ],
    "value": "CollideBox-008"
  },
  {
    "__type__": "cc.TargetInfo",
    "localID": [
      "f7S8xY4RBD+qaS2SsUx4va"
    ]
  },
  {
    "__type__": "CCPropertyOverrideInfo",
    "targetInfo": {
      "__id__": 93
    },
    "propertyPath": [
      "_lpos"
    ],
    "value": {
      "__type__": "cc.Vec3",
      "x": -32,
      "y": 192,
      "z": 0
    }
  },
  {
    "__type__": "CCPropertyOverrideInfo",
    "targetInfo": {
      "__id__": 93
    },
    "propertyPath": [
      "_lrot"
    ],
    "value": {
      "__type__": "cc.Quat",
      "x": 0,
      "y": 0,
      "z": 0,
      "w": 1
    }
  },
  {
    "__type__": "CCPropertyOverrideInfo",
    "targetInfo": {
      "__id__": 93
    },
    "propertyPath": [
      "_euler"
    ],
    "value": {
      "__type__": "cc.Vec3",
      "x": 0,
      "y": 0,
      "z": 0
    }
  },
  {
    "__type__": "CCPropertyOverrideInfo",
    "targetInfo": {
      "__id__": 98
    },
    "propertyPath": [
      "_contentSize"
    ],
    "value": {
      "__type__": "cc.Size",
      "width": 64,
      "height": 768
    }
  },
  {
    "__type__": "cc.TargetInfo",
    "localID": [
      "6aLjTmbzZMKrHErgYTPa8u"
    ]
  },
  {
    "__type__": "cc.Node",
    "_objFlags": 0,
    "_parent": {
      "__id__": 8
    },
    "_prefab": {
      "__id__": 100
    },
    "__editorExtras__": {}
  },
  {
    "__type__": "cc.PrefabInfo",
    "root": {
      "__id__": 99
    },
    "asset": {
      "__uuid__": "4afd160b-1dc1-49e9-95d1-8d39c3cbb3e9",
      "__expectedType__": "cc.Prefab"
    },
    "fileId": "f7S8xY4RBD+qaS2SsUx4va",
    "instance": {
      "__id__": 101
    }
  },
  {
    "__type__": "cc.PrefabInstance",
    "fileId": "e5ndqHzvdH6I3IFmTYwIZ4",
    "prefabRootNode": {
      "__id__": 1
    },
    "mountedChildren": [],
    "mountedComponents": [],
    "propertyOverrides": [
      {
        "__id__": 102
      },
      {
        "__id__": 104
      },
      {
        "__id__": 105
      },
      {
        "__id__": 106
      },
      {
        "__id__": 107
      }
    ],
    "removedComponents": []
  },
  {
    "__type__": "CCPropertyOverrideInfo",
    "targetInfo": {
      "__id__": 103
    },
    "propertyPath": [
      "_name"
    ],
    "value": "CollideBox-009"
  },
  {
    "__type__": "cc.TargetInfo",
    "localID": [
      "f7S8xY4RBD+qaS2SsUx4va"
    ]
  },
  {
    "__type__": "CCPropertyOverrideInfo",
    "targetInfo": {
      "__id__": 103
    },
    "propertyPath": [
      "_lpos"
    ],
    "value": {
      "__type__": "cc.Vec3",
      "x": -32,
      "y": 864,
      "z": 0
    }
  },
  {
    "__type__": "CCPropertyOverrideInfo",
    "targetInfo": {
      "__id__": 103
    },
    "propertyPath": [
      "_lrot"
    ],
    "value": {
      "__type__": "cc.Quat",
      "x": 0,
      "y": 0,
      "z": 0,
      "w": 1
    }
  },
  {
    "__type__": "CCPropertyOverrideInfo",
    "targetInfo": {
      "__id__": 103
    },
    "propertyPath": [
      "_euler"
    ],
    "value": {
      "__type__": "cc.Vec3",
      "x": 0,
      "y": 0,
      "z": 0
    }
  },
  {
    "__type__": "CCPropertyOverrideInfo",
    "targetInfo": {
      "__id__": 108
    },
    "propertyPath": [
      "_contentSize"
    ],
    "value": {
      "__type__": "cc.Size",
      "width": 64,
      "height": 192
    }
  },
  {
    "__type__": "cc.TargetInfo",
    "localID": [
      "6aLjTmbzZMKrHErgYTPa8u"
    ]
  },
  {
    "__type__": "cc.Node",
    "_objFlags": 0,
    "_parent": {
      "__id__": 8
    },
    "_prefab": {
      "__id__": 110
    },
    "__editorExtras__": {}
  },
  {
    "__type__": "cc.PrefabInfo",
    "root": {
      "__id__": 109
    },
    "asset": {
      "__uuid__": "4afd160b-1dc1-49e9-95d1-8d39c3cbb3e9",
      "__expectedType__": "cc.Prefab"
    },
    "fileId": "f7S8xY4RBD+qaS2SsUx4va",
    "instance": {
      "__id__": 111
    }
  },
  {
    "__type__": "cc.PrefabInstance",
    "fileId": "3fdDYE/41ItancuG6m3O2g",
    "prefabRootNode": {
      "__id__": 1
    },
    "mountedChildren": [],
    "mountedComponents": [],
    "propertyOverrides": [
      {
        "__id__": 112
      },
      {
        "__id__": 114
      },
      {
        "__id__": 115
      },
      {
        "__id__": 116
      },
      {
        "__id__": 117
      }
    ],
    "removedComponents": []
  },
  {
    "__type__": "CCPropertyOverrideInfo",
    "targetInfo": {
      "__id__": 113
    },
    "propertyPath": [
      "_name"
    ],
    "value": "CollideBox-010"
  },
  {
    "__type__": "cc.TargetInfo",
    "localID": [
      "f7S8xY4RBD+qaS2SsUx4va"
    ]
  },
  {
    "__type__": "CCPropertyOverrideInfo",
    "targetInfo": {
      "__id__": 113
    },
    "propertyPath": [
      "_lpos"
    ],
    "value": {
      "__type__": "cc.Vec3",
      "x": -32,
      "y": -672,
      "z": 0
    }
  },
  {
    "__type__": "CCPropertyOverrideInfo",
    "targetInfo": {
      "__id__": 113
    },
    "propertyPath": [
      "_lrot"
    ],
    "value": {
      "__type__": "cc.Quat",
      "x": 0,
      "y": 0,
      "z": 0,
      "w": 1
    }
  },
  {
    "__type__": "CCPropertyOverrideInfo",
    "targetInfo": {
      "__id__": 113
    },
    "propertyPath": [
      "_euler"
    ],
    "value": {
      "__type__": "cc.Vec3",
      "x": 0,
      "y": 0,
      "z": 0
    }
  },
  {
    "__type__": "CCPropertyOverrideInfo",
    "targetInfo": {
      "__id__": 118
    },
    "propertyPath": [
      "_contentSize"
    ],
    "value": {
      "__type__": "cc.Size",
      "width": 64,
      "height": 576
    }
  },
  {
    "__type__": "cc.TargetInfo",
    "localID": [
      "6aLjTmbzZMKrHErgYTPa8u"
    ]
  },
  {
    "__type__": "cc.UITransform",
    "_name": "",
    "_objFlags": 0,
    "node": {
      "__id__": 8
    },
    "_enabled": true,
    "__prefab": {
      "__id__": 120
    },
    "_contentSize": {
      "__type__": "cc.Size",
      "width": 0,
      "height": 0
    },
    "_anchorPoint": {
      "__type__": "cc.Vec2",
      "x": 0.5,
      "y": 0.5
    },
    "_id": ""
  },
  {
    "__type__": "cc.CompPrefabInfo",
    "fileId": "4018YMfv1LqL3aJu7nTJBg"
  },
  {
    "__type__": "cc.PrefabInfo",
    "root": {
      "__id__": 1
    },
    "asset": {
      "__id__": 0
    },
    "fileId": "bfM81Jm/9DhZAypTnNJcNU"
  },
  {
    "__type__": "cc.Node",
    "_name": "LayerCircle",
    "_objFlags": 512,
    "_parent": {
      "__id__": 1
    },
    "_children": [],
    "_active": true,
    "_components": [
      {
        "__id__": 123
      }
    ],
    "_prefab": {
      "__id__": 125
    },
    "_lpos": {
      "__type__": "cc.Vec3",
      "x": 0,
      "y": 0,
      "z": 0
    },
    "_lrot": {
      "__type__": "cc.Quat",
      "x": 0,
      "y": 0,
      "z": 0,
      "w": 1
    },
    "_lscale": {
      "__type__": "cc.Vec3",
      "x": 1,
      "y": 1,
      "z": 1
    },
    "_layer": 33554432,
    "_euler": {
      "__type__": "cc.Vec3",
      "x": 0,
      "y": 0,
      "z": 0
    },
    "_id": ""
  },
  {
    "__type__": "cc.UITransform",
    "_name": "",
    "_objFlags": 0,
    "node": {
      "__id__": 122
    },
    "_enabled": true,
    "__prefab": {
      "__id__": 124
    },
    "_contentSize": {
      "__type__": "cc.Size",
      "width": 0,
      "height": 0
    },
    "_anchorPoint": {
      "__type__": "cc.Vec2",
      "x": 0.5,
      "y": 0.5
    },
    "_id": ""
  },
  {
    "__type__": "cc.CompPrefabInfo",
    "fileId": "cdlCWKfqlAe6swlZDddhUC"
  },
  {
    "__type__": "cc.PrefabInfo",
    "root": {
      "__id__": 1
    },
    "asset": {
      "__id__": 0
    },
    "fileId": "9bJJ6wGkdMV4/pSTMF7n03"
  },
  {
    "__type__": "cc.Node",
    "_name": "LayerRoof",
    "_objFlags": 512,
    "_parent": {
      "__id__": 1
    },
    "_children": [
      {
        "__id__": 127
      },
      {
        "__id__": 137
      },
      {
        "__id__": 147
      }
    ],
    "_active": true,
    "_components": [
      {
        "__id__": 157
      }
    ],
    "_prefab": {
      "__id__": 159
    },
    "_lpos": {
      "__type__": "cc.Vec3",
      "x": 0,
      "y": 0,
      "z": 0
    },
    "_lrot": {
      "__type__": "cc.Quat",
      "x": 0,
      "y": 0,
      "z": 0,
      "w": 1
    },
    "_lscale": {
      "__type__": "cc.Vec3",
      "x": 1,
      "y": 1,
      "z": 1
    },
    "_layer": 33554432,
    "_euler": {
      "__type__": "cc.Vec3",
      "x": 0,
      "y": 0,
      "z": 0
    },
    "_id": ""
  },
  {
    "__type__": "cc.Node",
    "_objFlags": 512,
    "_parent": {
      "__id__": 126
    },
    "_prefab": {
      "__id__": 128
    },
    "__editorExtras__": {}
  },
  {
    "__type__": "cc.PrefabInfo",
    "root": {
      "__id__": 127
    },
    "asset": {
      "__uuid__": "97f208c8-455c-4472-acde-2ab4dee2be54",
      "__expectedType__": "cc.Prefab"
    },
    "fileId": "caGVH1eGRGopXELe7Z2LCI",
    "instance": {
      "__id__": 129
    }
  },
  {
    "__type__": "cc.PrefabInstance",
    "fileId": "feDZDJgjhA0qPg5g6412y1",
    "prefabRootNode": {
      "__id__": 1
    },
    "mountedChildren": [],
    "mountedComponents": [],
    "propertyOverrides": [
      {
        "__id__": 130
      },
      {
        "__id__": 132
      },
      {
        "__id__": 133
      },
      {
        "__id__": 134
      },
      {
        "__id__": 135
      }
    ],
    "removedComponents": []
  },
  {
    "__type__": "CCPropertyOverrideInfo",
    "targetInfo": {
      "__id__": 131
    },
    "propertyPath": [
      "_name"
    ],
    "value": "Roof0"
  },
  {
    "__type__": "cc.TargetInfo",
    "localID": [
      "caGVH1eGRGopXELe7Z2LCI"
    ]
  },
  {
    "__type__": "CCPropertyOverrideInfo",
    "targetInfo": {
      "__id__": 131
    },
    "propertyPath": [
      "_lpos"
    ],
    "value": {
      "__type__": "cc.Vec3",
      "x": -512,
      "y": 512,
      "z": 0
    }
  },
  {
    "__type__": "CCPropertyOverrideInfo",
    "targetInfo": {
      "__id__": 131
    },
    "propertyPath": [
      "_lrot"
    ],
    "value": {
      "__type__": "cc.Quat",
      "x": 0,
      "y": 0,
      "z": 0,
      "w": 1
    }
  },
  {
    "__type__": "CCPropertyOverrideInfo",
    "targetInfo": {
      "__id__": 131
    },
    "propertyPath": [
      "_euler"
    ],
    "value": {
      "__type__": "cc.Vec3",
      "x": 0,
      "y": 0,
      "z": 0
    }
  },
  {
    "__type__": "CCPropertyOverrideInfo",
    "targetInfo": {
      "__id__": 136
    },
    "propertyPath": [
      "_contentSize"
    ],
    "value": {
      "__type__": "cc.Size",
      "width": 960,
      "height": 960
    }
  },
  {
    "__type__": "cc.TargetInfo",
    "localID": [
      "f3gucGuXhJjYcNS37o9y8V"
    ]
  },
  {
    "__type__": "cc.Node",
    "_objFlags": 512,
    "_parent": {
      "__id__": 126
    },
    "_prefab": {
      "__id__": 138
    },
    "__editorExtras__": {}
  },
  {
    "__type__": "cc.PrefabInfo",
    "root": {
      "__id__": 137
    },
    "asset": {
      "__uuid__": "97f208c8-455c-4472-acde-2ab4dee2be54",
      "__expectedType__": "cc.Prefab"
    },
    "fileId": "caGVH1eGRGopXELe7Z2LCI",
    "instance": {
      "__id__": 139
    }
  },
  {
    "__type__": "cc.PrefabInstance",
    "fileId": "bcEhH9JNJBIZkFPgGXqh4v",
    "prefabRootNode": {
      "__id__": 1
    },
    "mountedChildren": [],
    "mountedComponents": [],
    "propertyOverrides": [
      {
        "__id__": 140
      },
      {
        "__id__": 142
      },
      {
        "__id__": 143
      },
      {
        "__id__": 144
      },
      {
        "__id__": 145
      }
    ],
    "removedComponents": []
  },
  {
    "__type__": "CCPropertyOverrideInfo",
    "targetInfo": {
      "__id__": 141
    },
    "propertyPath": [
      "_name"
    ],
    "value": "Roof0"
  },
  {
    "__type__": "cc.TargetInfo",
    "localID": [
      "caGVH1eGRGopXELe7Z2LCI"
    ]
  },
  {
    "__type__": "CCPropertyOverrideInfo",
    "targetInfo": {
      "__id__": 141
    },
    "propertyPath": [
      "_lpos"
    ],
    "value": {
      "__type__": "cc.Vec3",
      "x": -512,
      "y": -480,
      "z": 0
    }
  },
  {
    "__type__": "CCPropertyOverrideInfo",
    "targetInfo": {
      "__id__": 141
    },
    "propertyPath": [
      "_lrot"
    ],
    "value": {
      "__type__": "cc.Quat",
      "x": 0,
      "y": 0,
      "z": 0,
      "w": 1
    }
  },
  {
    "__type__": "CCPropertyOverrideInfo",
    "targetInfo": {
      "__id__": 141
    },
    "propertyPath": [
      "_euler"
    ],
    "value": {
      "__type__": "cc.Vec3",
      "x": 0,
      "y": 0,
      "z": 0
    }
  },
  {
    "__type__": "CCPropertyOverrideInfo",
    "targetInfo": {
      "__id__": 146
    },
    "propertyPath": [
      "_contentSize"
    ],
    "value": {
      "__type__": "cc.Size",
      "width": 960,
      "height": 1024
    }
  },
  {
    "__type__": "cc.TargetInfo",
    "localID": [
      "f3gucGuXhJjYcNS37o9y8V"
    ]
  },
  {
    "__type__": "cc.Node",
    "_objFlags": 512,
    "_parent": {
      "__id__": 126
    },
    "_prefab": {
      "__id__": 148
    },
    "__editorExtras__": {}
  },
  {
    "__type__": "cc.PrefabInfo",
    "root": {
      "__id__": 147
    },
    "asset": {
      "__uuid__": "97f208c8-455c-4472-acde-2ab4dee2be54",
      "__expectedType__": "cc.Prefab"
    },
    "fileId": "caGVH1eGRGopXELe7Z2LCI",
    "instance": {
      "__id__": 149
    }
  },
  {
    "__type__": "cc.PrefabInstance",
    "fileId": "20QSrEGqlGgYqZiJsuKxuI",
    "prefabRootNode": {
      "__id__": 1
    },
    "mountedChildren": [],
    "mountedComponents": [],
    "propertyOverrides": [
      {
        "__id__": 150
      },
      {
        "__id__": 152
      },
      {
        "__id__": 153
      },
      {
        "__id__": 154
      },
      {
        "__id__": 155
      }
    ],
    "removedComponents": []
  },
  {
    "__type__": "CCPropertyOverrideInfo",
    "targetInfo": {
      "__id__": 151
    },
    "propertyPath": [
      "_name"
    ],
    "value": "Roof0"
  },
  {
    "__type__": "cc.TargetInfo",
    "localID": [
      "caGVH1eGRGopXELe7Z2LCI"
    ]
  },
  {
    "__type__": "CCPropertyOverrideInfo",
    "targetInfo": {
      "__id__": 151
    },
    "propertyPath": [
      "_lpos"
    ],
    "value": {
      "__type__": "cc.Vec3",
      "x": 480,
      "y": 0,
      "z": 0
    }
  },
  {
    "__type__": "CCPropertyOverrideInfo",
    "targetInfo": {
      "__id__": 151
    },
    "propertyPath": [
      "_lrot"
    ],
    "value": {
      "__type__": "cc.Quat",
      "x": 0,
      "y": 0,
      "z": 0,
      "w": 1
    }
  },
  {
    "__type__": "CCPropertyOverrideInfo",
    "targetInfo": {
      "__id__": 151
    },
    "propertyPath": [
      "_euler"
    ],
    "value": {
      "__type__": "cc.Vec3",
      "x": 0,
      "y": 0,
      "z": 0
    }
  },
  {
    "__type__": "CCPropertyOverrideInfo",
    "targetInfo": {
      "__id__": 156
    },
    "propertyPath": [
      "_contentSize"
    ],
    "value": {
      "__type__": "cc.Size",
      "width": 1024,
      "height": 1984
    }
  },
  {
    "__type__": "cc.TargetInfo",
    "localID": [
      "f3gucGuXhJjYcNS37o9y8V"
    ]
  },
  {
    "__type__": "cc.UITransform",
    "_name": "",
    "_objFlags": 0,
    "node": {
      "__id__": 126
    },
    "_enabled": true,
    "__prefab": {
      "__id__": 158
    },
    "_contentSize": {
      "__type__": "cc.Size",
      "width": 0,
      "height": 0
    },
    "_anchorPoint": {
      "__type__": "cc.Vec2",
      "x": 0.5,
      "y": 0.5
    },
    "_id": ""
  },
  {
    "__type__": "cc.CompPrefabInfo",
    "fileId": "6bPZ5O9/xJCqW3mBJe9KeK"
  },
  {
    "__type__": "cc.PrefabInfo",
    "root": {
      "__id__": 1
    },
    "asset": {
      "__id__": 0
    },
    "fileId": "70VMvObjNAU4arnV50pDt1"
  },
  {
    "__type__": "cc.UITransform",
    "_name": "",
    "_objFlags": 0,
    "node": {
      "__id__": 1
    },
    "_enabled": true,
    "__prefab": {
      "__id__": 161
    },
    "_contentSize": {
      "__type__": "cc.Size",
      "width": 0,
      "height": 0
    },
    "_anchorPoint": {
      "__type__": "cc.Vec2",
      "x": 0.5,
      "y": 0.5
    },
    "_id": ""
  },
  {
    "__type__": "cc.CompPrefabInfo",
    "fileId": "bcMHSuIWtBNagFiBywEw12"
  },
  {
    "__type__": "cc.PrefabInfo",
    "root": {
      "__id__": 1
    },
    "asset": {
      "__id__": 0
    },
    "fileId": "11E7IjdlBCl5OehKoUwiPa",
    "nestedPrefabInstanceRoots": [
      {
        "__id__": 9
      },
      {
        "__id__": 19
      },
      {
        "__id__": 29
      },
      {
        "__id__": 39
      },
      {
        "__id__": 49
      },
      {
        "__id__": 59
      },
      {
        "__id__": 69
      },
      {
        "__id__": 79
      },
      {
        "__id__": 89
      },
      {
        "__id__": 99
      },
      {
        "__id__": 109
      },
      {
        "__id__": 127
      },
      {
        "__id__": 137
      },
      {
        "__id__": 147
      }
    ]
  }
]