[
  {
    "__type__": "cc.Prefab",
    "_name": "",
    "_objFlags": 0,
    "_native": "",
    "data": {
      "__id__": 1
    },
    "optimizationPolicy": 0,
    "persistent": false,
    "asyncLoadAssets": false
  },
  {
    "__type__": "cc.Node",
    "_name": "Map0",
    "_objFlags": 0,
    "__editorExtras__": {},
    "_parent": null,
    "_children": [
      {
        "__id__": 2
      },
      {
        "__id__": 8
      },
      {
        "__id__": 16
      },
      {
        "__id__": 24
      },
      {
        "__id__": 32
      },
      {
        "__id__": 40
      },
      {
        "__id__": 48
      },
      {
        "__id__": 56
      },
      {
        "__id__": 64
      },
      {
        "__id__": 72
      },
      {
        "__id__": 80
      },
      {
        "__id__": 88
      },
      {
        "__id__": 96
      },
      {
        "__id__": 104
      },
      {
        "__id__": 112
      },
      {
        "__id__": 120
      },
      {
        "__id__": 128
      },
      {
        "__id__": 136
      },
      {
        "__id__": 144
      },
      {
        "__id__": 152
      }
    ],
    "_active": true,
    "_components": [
      {
        "__id__": 160
      }
    ],
    "_prefab": {
      "__id__": 162
    },
    "_lpos": {
      "__type__": "cc.Vec3",
      "x": 0,
      "y": 0,
      "z": 0
    },
    "_lrot": {
      "__type__": "cc.Quat",
      "x": 0,
      "y": 0,
      "z": 0,
      "w": 1
    },
    "_lscale": {
      "__type__": "cc.Vec3",
      "x": 1,
      "y": 1,
      "z": 1
    },
    "_layer": 33554432,
    "_euler": {
      "__type__": "cc.Vec3",
      "x": 0,
      "y": 0,
      "z": 0
    },
    "_id": ""
  },
  {
    "__type__": "cc.Node",
    "_name": "BackGround",
    "_objFlags": 512,
    "_parent": {
      "__id__": 1
    },
    "_children": [],
    "_active": true,
    "_components": [
      {
        "__id__": 3
      },
      {
        "__id__": 5
      }
    ],
    "_prefab": {
      "__id__": 7
    },
    "_lpos": {
      "__type__": "cc.Vec3",
      "x": 0,
      "y": 0,
      "z": 0
    },
    "_lrot": {
      "__type__": "cc.Quat",
      "x": 0,
      "y": 0,
      "z": 0,
      "w": 1
    },
    "_lscale": {
      "__type__": "cc.Vec3",
      "x": 1,
      "y": 1,
      "z": 1
    },
    "_layer": 33554432,
    "_euler": {
      "__type__": "cc.Vec3",
      "x": 0,
      "y": 0,
      "z": 0
    },
    "_id": ""
  },
  {
    "__type__": "cc.UITransform",
    "_name": "",
    "_objFlags": 0,
    "node": {
      "__id__": 2
    },
    "_enabled": true,
    "__prefab": {
      "__id__": 4
    },
    "_contentSize": {
      "__type__": "cc.Size",
      "width": 20000,
      "height": 20000
    },
    "_anchorPoint": {
      "__type__": "cc.Vec2",
      "x": 0.5,
      "y": 0.5
    },
    "_id": ""
  },
  {
    "__type__": "cc.CompPrefabInfo",
    "fileId": "beJJw1uhhCqYSw2pibI90P"
  },
  {
    "__type__": "cc.Sprite",
    "_name": "",
    "_objFlags": 0,
    "node": {
      "__id__": 2
    },
    "_enabled": true,
    "__prefab": {
      "__id__": 6
    },
    "_visFlags": 0,
    "_customMaterial": null,
    "_srcBlendFactor": 2,
    "_dstBlendFactor": 4,
    "_color": {
      "__type__": "cc.Color",
      "r": 255,
      "g": 255,
      "b": 255,
      "a": 255
    },
    "_spriteFrame": {
      "__uuid__": "0e6ae954-5439-4134-b65d-40a526fe0d5e@f9941",
      "__expectedType__": "cc.SpriteFrame"
    },
    "_type": 0,
    "_fillType": 0,
    "_sizeMode": 0,
    "_fillCenter": {
      "__type__": "cc.Vec2",
      "x": 0,
      "y": 0
    },
    "_fillStart": 0,
    "_fillRange": 0,
    "_isTrimmedMode": true,
    "_useGrayscale": false,
    "_atlas": null,
    "_id": ""
  },
  {
    "__type__": "cc.CompPrefabInfo",
    "fileId": "4amIM+CsZHWInNmkitcjpQ"
  },
  {
    "__type__": "cc.PrefabInfo",
    "root": {
      "__id__": 1
    },
    "asset": {
      "__id__": 0
    },
    "fileId": "47nrpKTOhJyYces4dx8VTc"
  },
  {
    "__type__": "cc.Node",
    "_objFlags": 0,
    "_parent": {
      "__id__": 1
    },
    "_prefab": {
      "__id__": 9
    },
    "__editorExtras__": {}
  },
  {
    "__type__": "cc.PrefabInfo",
    "root": {
      "__id__": 8
    },
    "asset": {
      "__uuid__": "d554a38b-737f-46f7-ac8a-bc235b2dbfa3",
      "__expectedType__": "cc.Prefab"
    },
    "fileId": "11E7IjdlBCl5OehKoUwiPa",
    "instance": {
      "__id__": 10
    }
  },
  {
    "__type__": "cc.PrefabInstance",
    "fileId": "c8IaFsnRNNHJ56sheS/W3t",
    "prefabRootNode": {
      "__id__": 1
    },
    "mountedChildren": [],
    "mountedComponents": [],
    "propertyOverrides": [
      {
        "__id__": 11
      },
      {
        "__id__": 13
      },
      {
        "__id__": 14
      },
      {
        "__id__": 15
      }
    ],
    "removedComponents": []
  },
  {
    "__type__": "CCPropertyOverrideInfo",
    "targetInfo": {
      "__id__": 12
    },
    "propertyPath": [
      "_name"
    ],
    "value": "House0"
  },
  {
    "__type__": "cc.TargetInfo",
    "localID": [
      "11E7IjdlBCl5OehKoUwiPa"
    ]
  },
  {
    "__type__": "CCPropertyOverrideInfo",
    "targetInfo": {
      "__id__": 12
    },
    "propertyPath": [
      "_lpos"
    ],
    "value": {
      "__type__": "cc.Vec3",
      "x": -9216,
      "y": -4096,
      "z": 0
    }
  },
  {
    "__type__": "CCPropertyOverrideInfo",
    "targetInfo": {
      "__id__": 12
    },
    "propertyPath": [
      "_lrot"
    ],
    "value": {
      "__type__": "cc.Quat",
      "x": 0,
      "y": 0,
      "z": 0,
      "w": 1
    }
  },
  {
    "__type__": "CCPropertyOverrideInfo",
    "targetInfo": {
      "__id__": 12
    },
    "propertyPath": [
      "_euler"
    ],
    "value": {
      "__type__": "cc.Vec3",
      "x": 0,
      "y": 0,
      "z": 0
    }
  },
  {
    "__type__": "cc.Node",
    "_objFlags": 0,
    "_parent": {
      "__id__": 1
    },
    "_prefab": {
      "__id__": 17
    },
    "__editorExtras__": {}
  },
  {
    "__type__": "cc.PrefabInfo",
    "root": {
      "__id__": 16
    },
    "asset": {
      "__uuid__": "d554a38b-737f-46f7-ac8a-bc235b2dbfa3",
      "__expectedType__": "cc.Prefab"
    },
    "fileId": "11E7IjdlBCl5OehKoUwiPa",
    "instance": {
      "__id__": 18
    }
  },
  {
    "__type__": "cc.PrefabInstance",
    "fileId": "36R0G6foVBlbViE40QHWqm",
    "prefabRootNode": {
      "__id__": 1
    },
    "mountedChildren": [],
    "mountedComponents": [],
    "propertyOverrides": [
      {
        "__id__": 19
      },
      {
        "__id__": 21
      },
      {
        "__id__": 22
      },
      {
        "__id__": 23
      }
    ],
    "removedComponents": []
  },
  {
    "__type__": "CCPropertyOverrideInfo",
    "targetInfo": {
      "__id__": 20
    },
    "propertyPath": [
      "_name"
    ],
    "value": "House0"
  },
  {
    "__type__": "cc.TargetInfo",
    "localID": [
      "11E7IjdlBCl5OehKoUwiPa"
    ]
  },
  {
    "__type__": "CCPropertyOverrideInfo",
    "targetInfo": {
      "__id__": 20
    },
    "propertyPath": [
      "_lpos"
    ],
    "value": {
      "__type__": "cc.Vec3",
      "x": 7168,
      "y": -9216,
      "z": 0
    }
  },
  {
    "__type__": "CCPropertyOverrideInfo",
    "targetInfo": {
      "__id__": 20
    },
    "propertyPath": [
      "_lrot"
    ],
    "value": {
      "__type__": "cc.Quat",
      "x": 0,
      "y": 0,
      "z": 0,
      "w": 1
    }
  },
  {
    "__type__": "CCPropertyOverrideInfo",
    "targetInfo": {
      "__id__": 20
    },
    "propertyPath": [
      "_euler"
    ],
    "value": {
      "__type__": "cc.Vec3",
      "x": 0,
      "y": 0,
      "z": 0
    }
  },
  {
    "__type__": "cc.Node",
    "_objFlags": 0,
    "_parent": {
      "__id__": 1
    },
    "_prefab": {
      "__id__": 25
    },
    "__editorExtras__": {}
  },
  {
    "__type__": "cc.PrefabInfo",
    "root": {
      "__id__": 24
    },
    "asset": {
      "__uuid__": "d554a38b-737f-46f7-ac8a-bc235b2dbfa3",
      "__expectedType__": "cc.Prefab"
    },
    "fileId": "11E7IjdlBCl5OehKoUwiPa",
    "instance": {
      "__id__": 26
    }
  },
  {
    "__type__": "cc.PrefabInstance",
    "fileId": "ebL7nYpL5FnKs9kPEhTEWo",
    "prefabRootNode": {
      "__id__": 1
    },
    "mountedChildren": [],
    "mountedComponents": [],
    "propertyOverrides": [
      {
        "__id__": 27
      },
      {
        "__id__": 29
      },
      {
        "__id__": 30
      },
      {
        "__id__": 31
      }
    ],
    "removedComponents": []
  },
  {
    "__type__": "CCPropertyOverrideInfo",
    "targetInfo": {
      "__id__": 28
    },
    "propertyPath": [
      "_name"
    ],
    "value": "House0"
  },
  {
    "__type__": "cc.TargetInfo",
    "localID": [
      "11E7IjdlBCl5OehKoUwiPa"
    ]
  },
  {
    "__type__": "CCPropertyOverrideInfo",
    "targetInfo": {
      "__id__": 28
    },
    "propertyPath": [
      "_lpos"
    ],
    "value": {
      "__type__": "cc.Vec3",
      "x": 0,
      "y": 2048,
      "z": 0
    }
  },
  {
    "__type__": "CCPropertyOverrideInfo",
    "targetInfo": {
      "__id__": 28
    },
    "propertyPath": [
      "_lrot"
    ],
    "value": {
      "__type__": "cc.Quat",
      "x": 0,
      "y": 0,
      "z": 0,
      "w": 1
    }
  },
  {
    "__type__": "CCPropertyOverrideInfo",
    "targetInfo": {
      "__id__": 28
    },
    "propertyPath": [
      "_euler"
    ],
    "value": {
      "__type__": "cc.Vec3",
      "x": 0,
      "y": 0,
      "z": 0
    }
  },
  {
    "__type__": "cc.Node",
    "_objFlags": 0,
    "_parent": {
      "__id__": 1
    },
    "_prefab": {
      "__id__": 33
    },
    "__editorExtras__": {}
  },
  {
    "__type__": "cc.PrefabInfo",
    "root": {
      "__id__": 32
    },
    "asset": {
      "__uuid__": "d554a38b-737f-46f7-ac8a-bc235b2dbfa3",
      "__expectedType__": "cc.Prefab"
    },
    "fileId": "11E7IjdlBCl5OehKoUwiPa",
    "instance": {
      "__id__": 34
    }
  },
  {
    "__type__": "cc.PrefabInstance",
    "fileId": "68FusNIjZAM7cVCFwWwuYZ",
    "prefabRootNode": {
      "__id__": 1
    },
    "mountedChildren": [],
    "mountedComponents": [],
    "propertyOverrides": [
      {
        "__id__": 35
      },
      {
        "__id__": 37
      },
      {
        "__id__": 38
      },
      {
        "__id__": 39
      }
    ],
    "removedComponents": []
  },
  {
    "__type__": "CCPropertyOverrideInfo",
    "targetInfo": {
      "__id__": 36
    },
    "propertyPath": [
      "_name"
    ],
    "value": "House0"
  },
  {
    "__type__": "cc.TargetInfo",
    "localID": [
      "11E7IjdlBCl5OehKoUwiPa"
    ]
  },
  {
    "__type__": "CCPropertyOverrideInfo",
    "targetInfo": {
      "__id__": 36
    },
    "propertyPath": [
      "_lpos"
    ],
    "value": {
      "__type__": "cc.Vec3",
      "x": -1024,
      "y": -8192,
      "z": 0
    }
  },
  {
    "__type__": "CCPropertyOverrideInfo",
    "targetInfo": {
      "__id__": 36
    },
    "propertyPath": [
      "_lrot"
    ],
    "value": {
      "__type__": "cc.Quat",
      "x": 0,
      "y": 0,
      "z": 0,
      "w": 1
    }
  },
  {
    "__type__": "CCPropertyOverrideInfo",
    "targetInfo": {
      "__id__": 36
    },
    "propertyPath": [
      "_euler"
    ],
    "value": {
      "__type__": "cc.Vec3",
      "x": 0,
      "y": 0,
      "z": 0
    }
  },
  {
    "__type__": "cc.Node",
    "_objFlags": 0,
    "_parent": {
      "__id__": 1
    },
    "_prefab": {
      "__id__": 41
    },
    "__editorExtras__": {}
  },
  {
    "__type__": "cc.PrefabInfo",
    "root": {
      "__id__": 40
    },
    "asset": {
      "__uuid__": "d554a38b-737f-46f7-ac8a-bc235b2dbfa3",
      "__expectedType__": "cc.Prefab"
    },
    "fileId": "11E7IjdlBCl5OehKoUwiPa",
    "instance": {
      "__id__": 42
    }
  },
  {
    "__type__": "cc.PrefabInstance",
    "fileId": "0ft8g42BtIrrAUthnjj1eT",
    "prefabRootNode": {
      "__id__": 1
    },
    "mountedChildren": [],
    "mountedComponents": [],
    "propertyOverrides": [
      {
        "__id__": 43
      },
      {
        "__id__": 45
      },
      {
        "__id__": 46
      },
      {
        "__id__": 47
      }
    ],
    "removedComponents": []
  },
  {
    "__type__": "CCPropertyOverrideInfo",
    "targetInfo": {
      "__id__": 44
    },
    "propertyPath": [
      "_name"
    ],
    "value": "House0"
  },
  {
    "__type__": "cc.TargetInfo",
    "localID": [
      "11E7IjdlBCl5OehKoUwiPa"
    ]
  },
  {
    "__type__": "CCPropertyOverrideInfo",
    "targetInfo": {
      "__id__": 44
    },
    "propertyPath": [
      "_lpos"
    ],
    "value": {
      "__type__": "cc.Vec3",
      "x": 4096,
      "y": 2048,
      "z": 0
    }
  },
  {
    "__type__": "CCPropertyOverrideInfo",
    "targetInfo": {
      "__id__": 44
    },
    "propertyPath": [
      "_lrot"
    ],
    "value": {
      "__type__": "cc.Quat",
      "x": 0,
      "y": 0,
      "z": 0,
      "w": 1
    }
  },
  {
    "__type__": "CCPropertyOverrideInfo",
    "targetInfo": {
      "__id__": 44
    },
    "propertyPath": [
      "_euler"
    ],
    "value": {
      "__type__": "cc.Vec3",
      "x": 0,
      "y": 0,
      "z": 0
    }
  },
  {
    "__type__": "cc.Node",
    "_objFlags": 0,
    "_parent": {
      "__id__": 1
    },
    "_prefab": {
      "__id__": 49
    },
    "__editorExtras__": {}
  },
  {
    "__type__": "cc.PrefabInfo",
    "root": {
      "__id__": 48
    },
    "asset": {
      "__uuid__": "d554a38b-737f-46f7-ac8a-bc235b2dbfa3",
      "__expectedType__": "cc.Prefab"
    },
    "fileId": "11E7IjdlBCl5OehKoUwiPa",
    "instance": {
      "__id__": 50
    }
  },
  {
    "__type__": "cc.PrefabInstance",
    "fileId": "32tj7JsgJBIoA5JC0SKDch",
    "prefabRootNode": {
      "__id__": 1
    },
    "mountedChildren": [],
    "mountedComponents": [],
    "propertyOverrides": [
      {
        "__id__": 51
      },
      {
        "__id__": 53
      },
      {
        "__id__": 54
      },
      {
        "__id__": 55
      }
    ],
    "removedComponents": []
  },
  {
    "__type__": "CCPropertyOverrideInfo",
    "targetInfo": {
      "__id__": 52
    },
    "propertyPath": [
      "_name"
    ],
    "value": "House0"
  },
  {
    "__type__": "cc.TargetInfo",
    "localID": [
      "11E7IjdlBCl5OehKoUwiPa"
    ]
  },
  {
    "__type__": "CCPropertyOverrideInfo",
    "targetInfo": {
      "__id__": 52
    },
    "propertyPath": [
      "_lpos"
    ],
    "value": {
      "__type__": "cc.Vec3",
      "x": -4096,
      "y": 0,
      "z": 0
    }
  },
  {
    "__type__": "CCPropertyOverrideInfo",
    "targetInfo": {
      "__id__": 52
    },
    "propertyPath": [
      "_lrot"
    ],
    "value": {
      "__type__": "cc.Quat",
      "x": 0,
      "y": 0,
      "z": 0,
      "w": 1
    }
  },
  {
    "__type__": "CCPropertyOverrideInfo",
    "targetInfo": {
      "__id__": 52
    },
    "propertyPath": [
      "_euler"
    ],
    "value": {
      "__type__": "cc.Vec3",
      "x": 0,
      "y": 0,
      "z": 0
    }
  },
  {
    "__type__": "cc.Node",
    "_objFlags": 0,
    "_parent": {
      "__id__": 1
    },
    "_prefab": {
      "__id__": 57
    },
    "__editorExtras__": {}
  },
  {
    "__type__": "cc.PrefabInfo",
    "root": {
      "__id__": 56
    },
    "asset": {
      "__uuid__": "d554a38b-737f-46f7-ac8a-bc235b2dbfa3",
      "__expectedType__": "cc.Prefab"
    },
    "fileId": "11E7IjdlBCl5OehKoUwiPa",
    "instance": {
      "__id__": 58
    }
  },
  {
    "__type__": "cc.PrefabInstance",
    "fileId": "1f0NLwaMxIvquqv1y769Sl",
    "prefabRootNode": {
      "__id__": 1
    },
    "mountedChildren": [],
    "mountedComponents": [],
    "propertyOverrides": [
      {
        "__id__": 59
      },
      {
        "__id__": 61
      },
      {
        "__id__": 62
      },
      {
        "__id__": 63
      }
    ],
    "removedComponents": []
  },
  {
    "__type__": "CCPropertyOverrideInfo",
    "targetInfo": {
      "__id__": 60
    },
    "propertyPath": [
      "_name"
    ],
    "value": "House0"
  },
  {
    "__type__": "cc.TargetInfo",
    "localID": [
      "11E7IjdlBCl5OehKoUwiPa"
    ]
  },
  {
    "__type__": "CCPropertyOverrideInfo",
    "targetInfo": {
      "__id__": 60
    },
    "propertyPath": [
      "_lpos"
    ],
    "value": {
      "__type__": "cc.Vec3",
      "x": -8192,
      "y": 6144,
      "z": 0
    }
  },
  {
    "__type__": "CCPropertyOverrideInfo",
    "targetInfo": {
      "__id__": 60
    },
    "propertyPath": [
      "_lrot"
    ],
    "value": {
      "__type__": "cc.Quat",
      "x": 0,
      "y": 0,
      "z": 0,
      "w": 1
    }
  },
  {
    "__type__": "CCPropertyOverrideInfo",
    "targetInfo": {
      "__id__": 60
    },
    "propertyPath": [
      "_euler"
    ],
    "value": {
      "__type__": "cc.Vec3",
      "x": 0,
      "y": 0,
      "z": 0
    }
  },
  {
    "__type__": "cc.Node",
    "_objFlags": 0,
    "_parent": {
      "__id__": 1
    },
    "_prefab": {
      "__id__": 65
    },
    "__editorExtras__": {}
  },
  {
    "__type__": "cc.PrefabInfo",
    "root": {
      "__id__": 64
    },
    "asset": {
      "__uuid__": "d554a38b-737f-46f7-ac8a-bc235b2dbfa3",
      "__expectedType__": "cc.Prefab"
    },
    "fileId": "11E7IjdlBCl5OehKoUwiPa",
    "instance": {
      "__id__": 66
    }
  },
  {
    "__type__": "cc.PrefabInstance",
    "fileId": "70Osw9CH1OnrTsY7V2U7pP",
    "prefabRootNode": {
      "__id__": 1
    },
    "mountedChildren": [],
    "mountedComponents": [],
    "propertyOverrides": [
      {
        "__id__": 67
      },
      {
        "__id__": 69
      },
      {
        "__id__": 70
      },
      {
        "__id__": 71
      }
    ],
    "removedComponents": []
  },
  {
    "__type__": "CCPropertyOverrideInfo",
    "targetInfo": {
      "__id__": 68
    },
    "propertyPath": [
      "_name"
    ],
    "value": "House0"
  },
  {
    "__type__": "cc.TargetInfo",
    "localID": [
      "11E7IjdlBCl5OehKoUwiPa"
    ]
  },
  {
    "__type__": "CCPropertyOverrideInfo",
    "targetInfo": {
      "__id__": 68
    },
    "propertyPath": [
      "_lpos"
    ],
    "value": {
      "__type__": "cc.Vec3",
      "x": 1024,
      "y": 8192,
      "z": 0
    }
  },
  {
    "__type__": "CCPropertyOverrideInfo",
    "targetInfo": {
      "__id__": 68
    },
    "propertyPath": [
      "_lrot"
    ],
    "value": {
      "__type__": "cc.Quat",
      "x": 0,
      "y": 0,
      "z": 0,
      "w": 1
    }
  },
  {
    "__type__": "CCPropertyOverrideInfo",
    "targetInfo": {
      "__id__": 68
    },
    "propertyPath": [
      "_euler"
    ],
    "value": {
      "__type__": "cc.Vec3",
      "x": 0,
      "y": 0,
      "z": 0
    }
  },
  {
    "__type__": "cc.Node",
    "_objFlags": 0,
    "_parent": {
      "__id__": 1
    },
    "_prefab": {
      "__id__": 73
    },
    "__editorExtras__": {}
  },
  {
    "__type__": "cc.PrefabInfo",
    "root": {
      "__id__": 72
    },
    "asset": {
      "__uuid__": "d554a38b-737f-46f7-ac8a-bc235b2dbfa3",
      "__expectedType__": "cc.Prefab"
    },
    "fileId": "11E7IjdlBCl5OehKoUwiPa",
    "instance": {
      "__id__": 74
    }
  },
  {
    "__type__": "cc.PrefabInstance",
    "fileId": "0cBvqhxTNJx6yHQj4RBFnl",
    "prefabRootNode": {
      "__id__": 1
    },
    "mountedChildren": [],
    "mountedComponents": [],
    "propertyOverrides": [
      {
        "__id__": 75
      },
      {
        "__id__": 77
      },
      {
        "__id__": 78
      },
      {
        "__id__": 79
      }
    ],
    "removedComponents": []
  },
  {
    "__type__": "CCPropertyOverrideInfo",
    "targetInfo": {
      "__id__": 76
    },
    "propertyPath": [
      "_name"
    ],
    "value": "House0"
  },
  {
    "__type__": "cc.TargetInfo",
    "localID": [
      "11E7IjdlBCl5OehKoUwiPa"
    ]
  },
  {
    "__type__": "CCPropertyOverrideInfo",
    "targetInfo": {
      "__id__": 76
    },
    "propertyPath": [
      "_lpos"
    ],
    "value": {
      "__type__": "cc.Vec3",
      "x": 5120,
      "y": -6144,
      "z": 0
    }
  },
  {
    "__type__": "CCPropertyOverrideInfo",
    "targetInfo": {
      "__id__": 76
    },
    "propertyPath": [
      "_lrot"
    ],
    "value": {
      "__type__": "cc.Quat",
      "x": 0,
      "y": 0,
      "z": 0,
      "w": 1
    }
  },
  {
    "__type__": "CCPropertyOverrideInfo",
    "targetInfo": {
      "__id__": 76
    },
    "propertyPath": [
      "_euler"
    ],
    "value": {
      "__type__": "cc.Vec3",
      "x": 0,
      "y": 0,
      "z": 0
    }
  },
  {
    "__type__": "cc.Node",
    "_objFlags": 0,
    "_parent": {
      "__id__": 1
    },
    "_prefab": {
      "__id__": 81
    },
    "__editorExtras__": {}
  },
  {
    "__type__": "cc.PrefabInfo",
    "root": {
      "__id__": 80
    },
    "asset": {
      "__uuid__": "df0a6cdf-dc7d-4822-9b14-3186ec6567af",
      "__expectedType__": "cc.Prefab"
    },
    "fileId": "11E7IjdlBCl5OehKoUwiPa",
    "instance": {
      "__id__": 82
    }
  },
  {
    "__type__": "cc.PrefabInstance",
    "fileId": "a5qd2HmxlOaboaH4zb9Ukn",
    "prefabRootNode": {
      "__id__": 1
    },
    "mountedChildren": [],
    "mountedComponents": [],
    "propertyOverrides": [
      {
        "__id__": 83
      },
      {
        "__id__": 85
      },
      {
        "__id__": 86
      },
      {
        "__id__": 87
      }
    ],
    "removedComponents": []
  },
  {
    "__type__": "CCPropertyOverrideInfo",
    "targetInfo": {
      "__id__": 84
    },
    "propertyPath": [
      "_name"
    ],
    "value": "House1"
  },
  {
    "__type__": "cc.TargetInfo",
    "localID": [
      "11E7IjdlBCl5OehKoUwiPa"
    ]
  },
  {
    "__type__": "CCPropertyOverrideInfo",
    "targetInfo": {
      "__id__": 84
    },
    "propertyPath": [
      "_lpos"
    ],
    "value": {
      "__type__": "cc.Vec3",
      "x": -6144,
      "y": 2048,
      "z": 0
    }
  },
  {
    "__type__": "CCPropertyOverrideInfo",
    "targetInfo": {
      "__id__": 84
    },
    "propertyPath": [
      "_lrot"
    ],
    "value": {
      "__type__": "cc.Quat",
      "x": 0,
      "y": 0,
      "z": 0,
      "w": 1
    }
  },
  {
    "__type__": "CCPropertyOverrideInfo",
    "targetInfo": {
      "__id__": 84
    },
    "propertyPath": [
      "_euler"
    ],
    "value": {
      "__type__": "cc.Vec3",
      "x": 0,
      "y": 0,
      "z": 0
    }
  },
  {
    "__type__": "cc.Node",
    "_objFlags": 0,
    "_parent": {
      "__id__": 1
    },
    "_prefab": {
      "__id__": 89
    },
    "__editorExtras__": {}
  },
  {
    "__type__": "cc.PrefabInfo",
    "root": {
      "__id__": 88
    },
    "asset": {
      "__uuid__": "df0a6cdf-dc7d-4822-9b14-3186ec6567af",
      "__expectedType__": "cc.Prefab"
    },
    "fileId": "11E7IjdlBCl5OehKoUwiPa",
    "instance": {
      "__id__": 90
    }
  },
  {
    "__type__": "cc.PrefabInstance",
    "fileId": "c65xNPwFtC+YelDGiSkOoM",
    "prefabRootNode": {
      "__id__": 1
    },
    "mountedChildren": [],
    "mountedComponents": [],
    "propertyOverrides": [
      {
        "__id__": 91
      },
      {
        "__id__": 93
      },
      {
        "__id__": 94
      },
      {
        "__id__": 95
      }
    ],
    "removedComponents": []
  },
  {
    "__type__": "CCPropertyOverrideInfo",
    "targetInfo": {
      "__id__": 92
    },
    "propertyPath": [
      "_name"
    ],
    "value": "House1"
  },
  {
    "__type__": "cc.TargetInfo",
    "localID": [
      "11E7IjdlBCl5OehKoUwiPa"
    ]
  },
  {
    "__type__": "CCPropertyOverrideInfo",
    "targetInfo": {
      "__id__": 92
    },
    "propertyPath": [
      "_lpos"
    ],
    "value": {
      "__type__": "cc.Vec3",
      "x": 6144,
      "y": 7168,
      "z": 0
    }
  },
  {
    "__type__": "CCPropertyOverrideInfo",
    "targetInfo": {
      "__id__": 92
    },
    "propertyPath": [
      "_lrot"
    ],
    "value": {
      "__type__": "cc.Quat",
      "x": 0,
      "y": 0,
      "z": 0,
      "w": 1
    }
  },
  {
    "__type__": "CCPropertyOverrideInfo",
    "targetInfo": {
      "__id__": 92
    },
    "propertyPath": [
      "_euler"
    ],
    "value": {
      "__type__": "cc.Vec3",
      "x": 0,
      "y": 0,
      "z": 0
    }
  },
  {
    "__type__": "cc.Node",
    "_objFlags": 0,
    "_parent": {
      "__id__": 1
    },
    "_prefab": {
      "__id__": 97
    },
    "__editorExtras__": {}
  },
  {
    "__type__": "cc.PrefabInfo",
    "root": {
      "__id__": 96
    },
    "asset": {
      "__uuid__": "df0a6cdf-dc7d-4822-9b14-3186ec6567af",
      "__expectedType__": "cc.Prefab"
    },
    "fileId": "11E7IjdlBCl5OehKoUwiPa",
    "instance": {
      "__id__": 98
    }
  },
  {
    "__type__": "cc.PrefabInstance",
    "fileId": "64JDV9rNpFsqCUYPPEb1xb",
    "prefabRootNode": {
      "__id__": 1
    },
    "mountedChildren": [],
    "mountedComponents": [],
    "propertyOverrides": [
      {
        "__id__": 99
      },
      {
        "__id__": 101
      },
      {
        "__id__": 102
      },
      {
        "__id__": 103
      }
    ],
    "removedComponents": []
  },
  {
    "__type__": "CCPropertyOverrideInfo",
    "targetInfo": {
      "__id__": 100
    },
    "propertyPath": [
      "_name"
    ],
    "value": "House1"
  },
  {
    "__type__": "cc.TargetInfo",
    "localID": [
      "11E7IjdlBCl5OehKoUwiPa"
    ]
  },
  {
    "__type__": "CCPropertyOverrideInfo",
    "targetInfo": {
      "__id__": 100
    },
    "propertyPath": [
      "_lpos"
    ],
    "value": {
      "__type__": "cc.Vec3",
      "x": 1024,
      "y": -5120,
      "z": 0
    }
  },
  {
    "__type__": "CCPropertyOverrideInfo",
    "targetInfo": {
      "__id__": 100
    },
    "propertyPath": [
      "_lrot"
    ],
    "value": {
      "__type__": "cc.Quat",
      "x": 0,
      "y": 0,
      "z": 0,
      "w": 1
    }
  },
  {
    "__type__": "CCPropertyOverrideInfo",
    "targetInfo": {
      "__id__": 100
    },
    "propertyPath": [
      "_euler"
    ],
    "value": {
      "__type__": "cc.Vec3",
      "x": 0,
      "y": 0,
      "z": 0
    }
  },
  {
    "__type__": "cc.Node",
    "_objFlags": 0,
    "_parent": {
      "__id__": 1
    },
    "_prefab": {
      "__id__": 105
    },
    "__editorExtras__": {}
  },
  {
    "__type__": "cc.PrefabInfo",
    "root": {
      "__id__": 104
    },
    "asset": {
      "__uuid__": "df0a6cdf-dc7d-4822-9b14-3186ec6567af",
      "__expectedType__": "cc.Prefab"
    },
    "fileId": "11E7IjdlBCl5OehKoUwiPa",
    "instance": {
      "__id__": 106
    }
  },
  {
    "__type__": "cc.PrefabInstance",
    "fileId": "cb9vmzL1hDBLLQqdscetvc",
    "prefabRootNode": {
      "__id__": 1
    },
    "mountedChildren": [],
    "mountedComponents": [],
    "propertyOverrides": [
      {
        "__id__": 107
      },
      {
        "__id__": 109
      },
      {
        "__id__": 110
      },
      {
        "__id__": 111
      }
    ],
    "removedComponents": []
  },
  {
    "__type__": "CCPropertyOverrideInfo",
    "targetInfo": {
      "__id__": 108
    },
    "propertyPath": [
      "_name"
    ],
    "value": "House1"
  },
  {
    "__type__": "cc.TargetInfo",
    "localID": [
      "11E7IjdlBCl5OehKoUwiPa"
    ]
  },
  {
    "__type__": "CCPropertyOverrideInfo",
    "targetInfo": {
      "__id__": 108
    },
    "propertyPath": [
      "_lpos"
    ],
    "value": {
      "__type__": "cc.Vec3",
      "x": -5120,
      "y": 8192,
      "z": 0
    }
  },
  {
    "__type__": "CCPropertyOverrideInfo",
    "targetInfo": {
      "__id__": 108
    },
    "propertyPath": [
      "_lrot"
    ],
    "value": {
      "__type__": "cc.Quat",
      "x": 0,
      "y": 0,
      "z": 0,
      "w": 1
    }
  },
  {
    "__type__": "CCPropertyOverrideInfo",
    "targetInfo": {
      "__id__": 108
    },
    "propertyPath": [
      "_euler"
    ],
    "value": {
      "__type__": "cc.Vec3",
      "x": 0,
      "y": 0,
      "z": 0
    }
  },
  {
    "__type__": "cc.Node",
    "_objFlags": 0,
    "_parent": {
      "__id__": 1
    },
    "_prefab": {
      "__id__": 113
    },
    "__editorExtras__": {}
  },
  {
    "__type__": "cc.PrefabInfo",
    "root": {
      "__id__": 112
    },
    "asset": {
      "__uuid__": "df0a6cdf-dc7d-4822-9b14-3186ec6567af",
      "__expectedType__": "cc.Prefab"
    },
    "fileId": "11E7IjdlBCl5OehKoUwiPa",
    "instance": {
      "__id__": 114
    }
  },
  {
    "__type__": "cc.PrefabInstance",
    "fileId": "4dNZt7UGxI7Ieuptt9QGUK",
    "prefabRootNode": {
      "__id__": 1
    },
    "mountedChildren": [],
    "mountedComponents": [],
    "propertyOverrides": [
      {
        "__id__": 115
      },
      {
        "__id__": 117
      },
      {
        "__id__": 118
      },
      {
        "__id__": 119
      }
    ],
    "removedComponents": []
  },
  {
    "__type__": "CCPropertyOverrideInfo",
    "targetInfo": {
      "__id__": 116
    },
    "propertyPath": [
      "_name"
    ],
    "value": "House1"
  },
  {
    "__type__": "cc.TargetInfo",
    "localID": [
      "11E7IjdlBCl5OehKoUwiPa"
    ]
  },
  {
    "__type__": "CCPropertyOverrideInfo",
    "targetInfo": {
      "__id__": 116
    },
    "propertyPath": [
      "_lpos"
    ],
    "value": {
      "__type__": "cc.Vec3",
      "x": 0,
      "y": -1024,
      "z": 0
    }
  },
  {
    "__type__": "CCPropertyOverrideInfo",
    "targetInfo": {
      "__id__": 116
    },
    "propertyPath": [
      "_lrot"
    ],
    "value": {
      "__type__": "cc.Quat",
      "x": 0,
      "y": 0,
      "z": 0,
      "w": 1
    }
  },
  {
    "__type__": "CCPropertyOverrideInfo",
    "targetInfo": {
      "__id__": 116
    },
    "propertyPath": [
      "_euler"
    ],
    "value": {
      "__type__": "cc.Vec3",
      "x": 0,
      "y": 0,
      "z": 0
    }
  },
  {
    "__type__": "cc.Node",
    "_objFlags": 0,
    "_parent": {
      "__id__": 1
    },
    "_prefab": {
      "__id__": 121
    },
    "__editorExtras__": {}
  },
  {
    "__type__": "cc.PrefabInfo",
    "root": {
      "__id__": 120
    },
    "asset": {
      "__uuid__": "c0463e2f-39a2-4cc3-95d4-51a70bdc45f5",
      "__expectedType__": "cc.Prefab"
    },
    "fileId": "11E7IjdlBCl5OehKoUwiPa",
    "instance": {
      "__id__": 122
    }
  },
  {
    "__type__": "cc.PrefabInstance",
    "fileId": "55nwBqZfJKtIc5FFWDhR6U",
    "prefabRootNode": {
      "__id__": 1
    },
    "mountedChildren": [],
    "mountedComponents": [],
    "propertyOverrides": [
      {
        "__id__": 123
      },
      {
        "__id__": 125
      },
      {
        "__id__": 126
      },
      {
        "__id__": 127
      }
    ],
    "removedComponents": []
  },
  {
    "__type__": "CCPropertyOverrideInfo",
    "targetInfo": {
      "__id__": 124
    },
    "propertyPath": [
      "_name"
    ],
    "value": "House2"
  },
  {
    "__type__": "cc.TargetInfo",
    "localID": [
      "11E7IjdlBCl5OehKoUwiPa"
    ]
  },
  {
    "__type__": "CCPropertyOverrideInfo",
    "targetInfo": {
      "__id__": 124
    },
    "propertyPath": [
      "_lpos"
    ],
    "value": {
      "__type__": "cc.Vec3",
      "x": -1024,
      "y": 5120,
      "z": 0
    }
  },
  {
    "__type__": "CCPropertyOverrideInfo",
    "targetInfo": {
      "__id__": 124
    },
    "propertyPath": [
      "_lrot"
    ],
    "value": {
      "__type__": "cc.Quat",
      "x": 0,
      "y": 0,
      "z": 0,
      "w": 1
    }
  },
  {
    "__type__": "CCPropertyOverrideInfo",
    "targetInfo": {
      "__id__": 124
    },
    "propertyPath": [
      "_euler"
    ],
    "value": {
      "__type__": "cc.Vec3",
      "x": 0,
      "y": 0,
      "z": 0
    }
  },
  {
    "__type__": "cc.Node",
    "_objFlags": 0,
    "_parent": {
      "__id__": 1
    },
    "_prefab": {
      "__id__": 129
    },
    "__editorExtras__": {}
  },
  {
    "__type__": "cc.PrefabInfo",
    "root": {
      "__id__": 128
    },
    "asset": {
      "__uuid__": "c0463e2f-39a2-4cc3-95d4-51a70bdc45f5",
      "__expectedType__": "cc.Prefab"
    },
    "fileId": "11E7IjdlBCl5OehKoUwiPa",
    "instance": {
      "__id__": 130
    }
  },
  {
    "__type__": "cc.PrefabInstance",
    "fileId": "bbz2dKfDdN2o+Z8cfMKbu2",
    "prefabRootNode": {
      "__id__": 1
    },
    "mountedChildren": [],
    "mountedComponents": [],
    "propertyOverrides": [
      {
        "__id__": 131
      },
      {
        "__id__": 133
      },
      {
        "__id__": 134
      },
      {
        "__id__": 135
      }
    ],
    "removedComponents": []
  },
  {
    "__type__": "CCPropertyOverrideInfo",
    "targetInfo": {
      "__id__": 132
    },
    "propertyPath": [
      "_name"
    ],
    "value": "House2"
  },
  {
    "__type__": "cc.TargetInfo",
    "localID": [
      "11E7IjdlBCl5OehKoUwiPa"
    ]
  },
  {
    "__type__": "CCPropertyOverrideInfo",
    "targetInfo": {
      "__id__": 132
    },
    "propertyPath": [
      "_lpos"
    ],
    "value": {
      "__type__": "cc.Vec3",
      "x": -5120,
      "y": -3072,
      "z": 0
    }
  },
  {
    "__type__": "CCPropertyOverrideInfo",
    "targetInfo": {
      "__id__": 132
    },
    "propertyPath": [
      "_lrot"
    ],
    "value": {
      "__type__": "cc.Quat",
      "x": 0,
      "y": 0,
      "z": 0,
      "w": 1
    }
  },
  {
    "__type__": "CCPropertyOverrideInfo",
    "targetInfo": {
      "__id__": 132
    },
    "propertyPath": [
      "_euler"
    ],
    "value": {
      "__type__": "cc.Vec3",
      "x": 0,
      "y": 0,
      "z": 0
    }
  },
  {
    "__type__": "cc.Node",
    "_objFlags": 0,
    "_parent": {
      "__id__": 1
    },
    "_prefab": {
      "__id__": 137
    },
    "__editorExtras__": {}
  },
  {
    "__type__": "cc.PrefabInfo",
    "root": {
      "__id__": 136
    },
    "asset": {
      "__uuid__": "c0463e2f-39a2-4cc3-95d4-51a70bdc45f5",
      "__expectedType__": "cc.Prefab"
    },
    "fileId": "11E7IjdlBCl5OehKoUwiPa",
    "instance": {
      "__id__": 138
    }
  },
  {
    "__type__": "cc.PrefabInstance",
    "fileId": "8fXOEpWjtHpou8GmTh668A",
    "prefabRootNode": {
      "__id__": 1
    },
    "mountedChildren": [],
    "mountedComponents": [],
    "propertyOverrides": [
      {
        "__id__": 139
      },
      {
        "__id__": 141
      },
      {
        "__id__": 142
      },
      {
        "__id__": 143
      }
    ],
    "removedComponents": []
  },
  {
    "__type__": "CCPropertyOverrideInfo",
    "targetInfo": {
      "__id__": 140
    },
    "propertyPath": [
      "_name"
    ],
    "value": "House2"
  },
  {
    "__type__": "cc.TargetInfo",
    "localID": [
      "11E7IjdlBCl5OehKoUwiPa"
    ]
  },
  {
    "__type__": "CCPropertyOverrideInfo",
    "targetInfo": {
      "__id__": 140
    },
    "propertyPath": [
      "_lpos"
    ],
    "value": {
      "__type__": "cc.Vec3",
      "x": 7168,
      "y": 2048,
      "z": 0
    }
  },
  {
    "__type__": "CCPropertyOverrideInfo",
    "targetInfo": {
      "__id__": 140
    },
    "propertyPath": [
      "_lrot"
    ],
    "value": {
      "__type__": "cc.Quat",
      "x": 0,
      "y": 0,
      "z": 0,
      "w": 1
    }
  },
  {
    "__type__": "CCPropertyOverrideInfo",
    "targetInfo": {
      "__id__": 140
    },
    "propertyPath": [
      "_euler"
    ],
    "value": {
      "__type__": "cc.Vec3",
      "x": 0,
      "y": 0,
      "z": 0
    }
  },
  {
    "__type__": "cc.Node",
    "_objFlags": 0,
    "_parent": {
      "__id__": 1
    },
    "_prefab": {
      "__id__": 145
    },
    "__editorExtras__": {}
  },
  {
    "__type__": "cc.PrefabInfo",
    "root": {
      "__id__": 144
    },
    "asset": {
      "__uuid__": "c0463e2f-39a2-4cc3-95d4-51a70bdc45f5",
      "__expectedType__": "cc.Prefab"
    },
    "fileId": "11E7IjdlBCl5OehKoUwiPa",
    "instance": {
      "__id__": 146
    }
  },
  {
    "__type__": "cc.PrefabInstance",
    "fileId": "33+RhkvWNEo55PybJlrC+L",
    "prefabRootNode": {
      "__id__": 1
    },
    "mountedChildren": [],
    "mountedComponents": [],
    "propertyOverrides": [
      {
        "__id__": 147
      },
      {
        "__id__": 149
      },
      {
        "__id__": 150
      },
      {
        "__id__": 151
      }
    ],
    "removedComponents": []
  },
  {
    "__type__": "CCPropertyOverrideInfo",
    "targetInfo": {
      "__id__": 148
    },
    "propertyPath": [
      "_name"
    ],
    "value": "House2"
  },
  {
    "__type__": "cc.TargetInfo",
    "localID": [
      "11E7IjdlBCl5OehKoUwiPa"
    ]
  },
  {
    "__type__": "CCPropertyOverrideInfo",
    "targetInfo": {
      "__id__": 148
    },
    "propertyPath": [
      "_lpos"
    ],
    "value": {
      "__type__": "cc.Vec3",
      "x": 5120,
      "y": -2048,
      "z": 0
    }
  },
  {
    "__type__": "CCPropertyOverrideInfo",
    "targetInfo": {
      "__id__": 148
    },
    "propertyPath": [
      "_lrot"
    ],
    "value": {
      "__type__": "cc.Quat",
      "x": 0,
      "y": 0,
      "z": 0,
      "w": 1
    }
  },
  {
    "__type__": "CCPropertyOverrideInfo",
    "targetInfo": {
      "__id__": 148
    },
    "propertyPath": [
      "_euler"
    ],
    "value": {
      "__type__": "cc.Vec3",
      "x": 0,
      "y": 0,
      "z": 0
    }
  },
  {
    "__type__": "cc.Node",
    "_objFlags": 0,
    "_parent": {
      "__id__": 1
    },
    "_prefab": {
      "__id__": 153
    },
    "__editorExtras__": {}
  },
  {
    "__type__": "cc.PrefabInfo",
    "root": {
      "__id__": 152
    },
    "asset": {
      "__uuid__": "c0463e2f-39a2-4cc3-95d4-51a70bdc45f5",
      "__expectedType__": "cc.Prefab"
    },
    "fileId": "11E7IjdlBCl5OehKoUwiPa",
    "instance": {
      "__id__": 154
    }
  },
  {
    "__type__": "cc.PrefabInstance",
    "fileId": "d5r6yDGi5E5KyHpsILNFwT",
    "prefabRootNode": {
      "__id__": 1
    },
    "mountedChildren": [],
    "mountedComponents": [],
    "propertyOverrides": [
      {
        "__id__": 155
      },
      {
        "__id__": 157
      },
      {
        "__id__": 158
      },
      {
        "__id__": 159
      }
    ],
    "removedComponents": []
  },
  {
    "__type__": "CCPropertyOverrideInfo",
    "targetInfo": {
      "__id__": 156
    },
    "propertyPath": [
      "_name"
    ],
    "value": "House2"
  },
  {
    "__type__": "cc.TargetInfo",
    "localID": [
      "11E7IjdlBCl5OehKoUwiPa"
    ]
  },
  {
    "__type__": "CCPropertyOverrideInfo",
    "targetInfo": {
      "__id__": 156
    },
    "propertyPath": [
      "_lpos"
    ],
    "value": {
      "__type__": "cc.Vec3",
      "x": -7168,
      "y": -7168,
      "z": 0
    }
  },
  {
    "__type__": "CCPropertyOverrideInfo",
    "targetInfo": {
      "__id__": 156
    },
    "propertyPath": [
      "_lrot"
    ],
    "value": {
      "__type__": "cc.Quat",
      "x": 0,
      "y": 0,
      "z": 0,
      "w": 1
    }
  },
  {
    "__type__": "CCPropertyOverrideInfo",
    "targetInfo": {
      "__id__": 156
    },
    "propertyPath": [
      "_euler"
    ],
    "value": {
      "__type__": "cc.Vec3",
      "x": 0,
      "y": 0,
      "z": 0
    }
  },
  {
    "__type__": "cc.UITransform",
    "_name": "",
    "_objFlags": 0,
    "node": {
      "__id__": 1
    },
    "_enabled": true,
    "__prefab": {
      "__id__": 161
    },
    "_contentSize": {
      "__type__": "cc.Size",
      "width": 0,
      "height": 0
    },
    "_anchorPoint": {
      "__type__": "cc.Vec2",
      "x": 0.5,
      "y": 0.5
    },
    "_id": ""
  },
  {
    "__type__": "cc.CompPrefabInfo",
    "fileId": "47nNaLkEdJIKe9qGOUHDxF"
  },
  {
    "__type__": "cc.PrefabInfo",
    "root": {
      "__id__": 1
    },
    "asset": {
      "__id__": 0
    },
    "fileId": "e4P74CBMdAmIDP5Hyt9LcU",
    "nestedPrefabInstanceRoots": [
      {
        "__id__": 8
      },
      {
        "__id__": 16
      },
      {
        "__id__": 24
      },
      {
        "__id__": 32
      },
      {
        "__id__": 40
      },
      {
        "__id__": 48
      },
      {
        "__id__": 56
      },
      {
        "__id__": 64
      },
      {
        "__id__": 72
      },
      {
        "__id__": 80
      },
      {
        "__id__": 88
      },
      {
        "__id__": 96
      },
      {
        "__id__": 104
      },
      {
        "__id__": 112
      },
      {
        "__id__": 120
      },
      {
        "__id__": 128
      },
      {
        "__id__": 136
      },
      {
        "__id__": 144
      },
      {
        "__id__": 152
      }
    ]
  }
]