{
  "__type__": "cc.JsonAsset",
  "_name": "name",
  "_objFlags": 0,
  "_native": "",
  "json": {
    "data": [
      "朝歌晚酒",
      "都怪时光太动听",
      "时光凉,春衫薄",
      "笑我孤陋",
      "水墨青花",
      "っAngel′幻雪づ",
      "梦中有梦",
      "- 失梦者",
      "江山如画怎及你",
      "浅梦墨汐°",
      "❀笑靥如花ヅ",
      "且听风吟",
      "挽梦忆笙歌",
      "沫笙ゅ",
      "清风墨竹",
      "樱の舞",
      "半夏倾城",
      "南栀倾寒°",
      "入画浅相思",
      "旧雪烹茶",
      "若人生〆只如初见",
      "forever 浅笑°",
      "柚子泡芙",
      "醋拌柠檬",
      "初恋栀子花",
      "南海凝心",
      "暖风吹怀",
      "青桔味的风",
      "北街落初雨",
      "倾听夏末",
      "嗷哩个嗷~",
      "雪蕊幽香",
      "下一次微笑",
      "孤者何惧",
      "我心永恒",
      "永恒之心",
      "一步两步散步",
      "以风予你",
      "念于红尘",
      "番茄炒蛋",
      "黄焖鸡米饭",
      "辣子鸡",
      "浅花芯",
      "兮里怡",
      "殷九歌",
      "挽木琴",
      "清风叹",
      "夏日薄雪",
      "江南春失忆梦",
      "晚风听街雨",
      "你的眼里是星辰",
      "伴生梦",
      "蛋炒饭",
      "青椒炒蛋",
      "不想则不念",
      "念念不忘",
      "像雾像雨又像风",
      "小新要、小心",
      "心点时间到了",
      "你回来了~",
      "我回来了~"
    ]
  }
}