[
    {
        "fName": "步枪",
        "name": 0,
        "type": 0,
        "sType": 0,
        "attackType": 0,
        "attack": 70,
        "bulletSpeed": 42,
        "bulletType": 0,
        "bulletRange": 1.75,
        "bulletMaxCount": 30,
        "attackCountMax": 0.15,
        "reloadMaxTime": 1
    },
    {
        "fName": "狙击枪",
        "name": 1,
        "type": 1,
        "sType": 0,
        "attackType": 1,
        "attack": 400,
        "bulletSpeed": 32,
        "bulletType": 1,
        "bulletRange": 2,
        "bulletMaxCount": 8,
        "attackCountMax": 0.7,
        "reloadMaxTime": 1
    },
    {
        "fName": "霰弹枪",
        "name": 2,
        "type": 2,
        "sType": 0,
        "attackType": 1,
        "attack": 70,
        "bulletSpeed": 28,
        "bulletType": 2,
        "bulletRange": 0.8,
        "bulletMaxCount": 12,
        "attackCountMax": 0.6,
        "reloadMaxTime": 1
    },
    {
        "fName": "霰弹枪二代",
        "name": 3,
        "type": 2,
        "sType": 1,
        "attackType": 1,
        "attack": 70,
        "bulletSpeed": 28,
        "bulletType": 2,
        "bulletRange": 0.75,
        "bulletMaxCount": 8,
        "attackCountMax": 0.65,
        "reloadMaxTime": 1
    },
    {
        "fName": "手枪",
        "name": 4,
        "type": 3,
        "sType": 0,
        "attackType": 0,
        "attack": 100,
        "bulletSpeed": 38,
        "bulletType": 0,
        "bulletRange": 1.5,
        "bulletMaxCount": 20,
        "attackCountMax": 0.3,
        "reloadMaxTime": 1
    },
    {
        "fName": "火箭筒",
        "name": 5,
        "type": 4,
        "sType": 0,
        "attackType": 1,
        "attack": 0,
        "bulletSpeed": 16,
        "bulletType": 3,
        "bulletRange": 1.1,
        "bulletMaxCount": 2,
        "attackCountMax": 1,
        "reloadMaxTime": 1
    },
    {
        "fName": "步枪二代",
        "name": 6,
        "type": 0,
        "sType": 0,
        "attackType": 0,
        "attack": 80,
        "bulletSpeed": 40,
        "bulletType": 0,
        "bulletRange": 1.5,
        "bulletMaxCount": 45,
        "attackCountMax": 0.2,
        "reloadMaxTime": 1.25
    }
]