{
  "D:\\CocosProjects\\Battle Game\\assets\\scenes.meta": {
    "time": 1652687935728.8022
  },
  "D:\\CocosProjects\\Battle Game\\assets\\scenes": {
    "time": 1654527680790.898,
    "uuid": "9c8bc33f-c9af-4515-8c88-b0587a7b2b52",
    "missing": false
  },
  "D:\\CocosProjects\\Battle Game\\assets\\scripts.meta": {
    "time": 1652687942292.8694
  },
  "D:\\CocosProjects\\Battle Game\\assets\\scripts": {
    "time": 1654527680840.8982,
    "uuid": "f92dded9-8c2a-4199-8da6-5b73b0e837f0",
    "missing": false
  },
  "D:\\CocosProjects\\Battle Game\\assets\\scenes\\Scene.scene.meta": {
    "time": 1652687949371.9812
  },
  "D:\\CocosProjects\\Battle Game\\assets\\scenes\\Scene.scene": {
    "time": 1655045994129.8389,
    "uuid": "aec41c9b-afbc-413c-9751-c4b936e6ea5f",
    "missing": false
  },
  "D:\\CocosProjects\\Battle Game\\assets\\resources.meta": {
    "time": 1652687976205.3735
  },
  "D:\\CocosProjects\\Battle Game\\assets\\resources": {
    "time": 1654527680790.898,
    "uuid": "45139bd9-b940-49e0-9164-c7c8e3ad0905",
    "missing": false
  },
  "D:\\CocosProjects\\Battle Game\\assets\\resources\\prefab.meta": {
    "time": 1652687983383.6597
  },
  "D:\\CocosProjects\\Battle Game\\assets\\resources\\prefab": {
    "time": 1654527680780.8977,
    "uuid": "1a55a6ea-fe81-4b51-85ae-97fbca80bfa5",
    "missing": false
  },
  "D:\\CocosProjects\\Battle Game\\assets\\resources\\image.meta": {
    "time": 1652687992897.2832
  },
  "D:\\CocosProjects\\Battle Game\\assets\\resources\\image": {
    "time": 1655025394611.6694,
    "uuid": "3659b865-7b0c-4579-b188-3021d855274b",
    "missing": false
  },
  "D:\\CocosProjects\\Battle Game\\assets\\resources\\audio.meta": {
    "time": 1652688000548.6565
  },
  "D:\\CocosProjects\\Battle Game\\assets\\resources\\audio": {
    "time": 1654527680610.898,
    "uuid": "0096490c-b165-4d57-9fc4-71a822f6d22a",
    "missing": false
  },
  "D:\\CocosProjects\\Battle Game\\assets\\scripts\\manager.meta": {
    "time": 1652688019210.4373
  },
  "D:\\CocosProjects\\Battle Game\\assets\\scripts\\manager": {
    "time": 1654527680820.8977,
    "uuid": "d5beb17b-5bf8-4f20-abf3-7a9db062b374",
    "missing": false
  },
  "D:\\CocosProjects\\Battle Game\\assets\\scripts\\object.meta": {
    "time": 1652688025165.0076
  },
  "D:\\CocosProjects\\Battle Game\\assets\\scripts\\object": {
    "time": 1654451395925,
    "uuid": "28a33758-e051-476c-a02b-153a28621861",
    "missing": false
  },
  "D:\\CocosProjects\\Battle Game\\assets\\scripts\\ui.meta": {
    "time": 1652688029786.1936
  },
  "D:\\CocosProjects\\Battle Game\\assets\\scripts\\ui": {
    "time": 1654527680840.8982,
    "uuid": "a6283eff-fb04-43bc-8cc1-934b9b85aa06",
    "missing": false
  },
  "D:\\CocosProjects\\Battle Game\\assets\\scripts\\tool.meta": {
    "time": 1652688034306.6023
  },
  "D:\\CocosProjects\\Battle Game\\assets\\scripts\\tool": {
    "time": 1654527680830.8977,
    "uuid": "e55510b2-6f90-4925-a3e2-d72a9cd33209",
    "missing": false
  },
  "D:\\CocosProjects\\Battle Game\\assets\\resources\\prefab\\object.meta": {
    "time": 1652688041259.4163
  },
  "D:\\CocosProjects\\Battle Game\\assets\\resources\\prefab\\object": {
    "time": 1654670499719.1187,
    "uuid": "04875f77-fbc7-470b-9927-3ee04c5e42ac",
    "missing": false
  },
  "D:\\CocosProjects\\Battle Game\\assets\\resources\\prefab\\scene.meta": {
    "time": 1652688049947.3264
  },
  "D:\\CocosProjects\\Battle Game\\assets\\resources\\prefab\\scene": {
    "time": 1654527680780.8977,
    "uuid": "73d340c6-aa11-434d-ba92-6c36b5991f46",
    "missing": false
  },
  "D:\\CocosProjects\\Battle Game\\assets\\scripts\\manager\\SceneManager.ts.meta": {
    "time": 1652688226900.6052
  },
  "D:\\CocosProjects\\Battle Game\\assets\\scripts\\manager\\SceneManager.ts": {
    "time": 1652689098309.4126,
    "uuid": "98d40b57-379c-4595-bdc0-48594624dde9",
    "missing": false
  },
  "D:\\CocosProjects\\Battle Game\\assets\\scripts\\manager\\GameManager.ts.meta": {
    "time": 1652688293626.064
  },
  "D:\\CocosProjects\\Battle Game\\assets\\scripts\\manager\\GameManager.ts": {
    "time": 1654939591088.5205,
    "uuid": "0227ad2a-71ff-441a-a6e6-0227b0bb9120",
    "missing": false
  },
  "D:\\CocosProjects\\Battle Game\\assets\\scripts\\manager\\ResourceManager.ts.meta": {
    "time": 1652688334171.9546
  },
  "D:\\CocosProjects\\Battle Game\\assets\\scripts\\manager\\ResourceManager.ts": {
    "time": 1655019675336.5798,
    "uuid": "e19d32f4-c8b4-4aaa-8bb6-98f9c5a83260",
    "missing": false
  },
  "D:\\CocosProjects\\Battle Game\\assets\\scripts\\manager\\NetManager.ts.meta": {
    "time": 1652688362193.7542
  },
  "D:\\CocosProjects\\Battle Game\\assets\\scripts\\manager\\NetManager.ts": {
    "time": 1654527805767.4324,
    "uuid": "0c958a10-aaed-4f4b-9cbf-3a412a1f9f8e",
    "missing": false
  },
  "D:\\CocosProjects\\Battle Game\\assets\\resources\\prefab\\scene\\Main.prefab.meta": {
    "time": 1652688947659.8938
  },
  "D:\\CocosProjects\\Battle Game\\assets\\resources\\prefab\\scene\\Main.prefab": {
    "time": 1654341435384.1526,
    "uuid": "934d9266-bfd0-4081-9e4c-631bf704b3e3",
    "missing": false
  },
  "D:\\CocosProjects\\Battle Game\\assets\\resources\\prefab\\scene\\Game.prefab.meta": {
    "time": 1652688962100.4353
  },
  "D:\\CocosProjects\\Battle Game\\assets\\resources\\prefab\\scene\\Game.prefab": {
    "time": 1654832945883.096,
    "uuid": "f82d6a08-d371-4583-97df-448107aba1cf",
    "missing": false
  },
  "D:\\CocosProjects\\Battle Game\\assets\\scripts\\manager\\UIManager.ts.meta": {
    "time": 1652690432272.1755
  },
  "D:\\CocosProjects\\Battle Game\\assets\\scripts\\manager\\UIManager.ts": {
    "time": 1652690442858.69,
    "uuid": "cada4e98-eb30-4958-bed7-319cb159e6e5",
    "missing": false
  },
  "D:\\CocosProjects\\Battle Game\\assets\\scripts\\ui\\UI.ts.meta": {
    "time": 1652690467542.2747
  },
  "D:\\CocosProjects\\Battle Game\\assets\\scripts\\ui\\UI.ts": {
    "time": 1654058489349.2715,
    "uuid": "87e7d43f-1908-4637-971e-3524000da948",
    "missing": false
  },
  "D:\\CocosProjects\\Battle Game\\assets\\scripts\\scene.meta": {
    "time": 1652690672433.7979
  },
  "D:\\CocosProjects\\Battle Game\\assets\\scripts\\scene": {
    "time": 1654527680830.8977,
    "uuid": "3978cf5f-46f8-4470-802f-5c607d9d92bc",
    "missing": false
  },
  "D:\\CocosProjects\\Battle Game\\assets\\scripts\\scene\\Main.ts.meta": {
    "time": 1652690680698.6335
  },
  "D:\\CocosProjects\\Battle Game\\assets\\scripts\\scene\\Main.ts": {
    "time": 1654272633276.0303,
    "uuid": "167b98ce-87a8-402d-8aed-4519293d22ef",
    "missing": false
  },
  "D:\\CocosProjects\\Battle Game\\assets\\scripts\\tool\\network.ts.meta": {
    "time": 1648694433588.2878
  },
  "D:\\CocosProjects\\Battle Game\\assets\\scripts\\tool\\cmdClient.ts.meta": {
    "time": 1648694438069.382
  },
  "D:\\CocosProjects\\Battle Game\\assets\\scripts\\tool\\network.ts": {
    "time": 1652741382110.9534,
    "uuid": "9b577c32-0b0c-4286-bb69-c41a2cfec30a",
    "missing": false
  },
  "D:\\CocosProjects\\Battle Game\\assets\\scripts\\tool\\cmdClient.ts": {
    "time": 1648878335392.0498,
    "uuid": "699ce0db-f4a4-4797-ac1e-333b02411a72",
    "missing": false
  },
  "D:\\CocosProjects\\Battle Game\\assets\\scripts\\manager\\MessageManager.ts.meta": {
    "time": 1652741550626.2603
  },
  "D:\\CocosProjects\\Battle Game\\assets\\scripts\\manager\\MessageManager.ts": {
    "time": 1654006884216.8904,
    "uuid": "b94a9b60-9673-4148-9518-f03722f2c85a",
    "missing": false
  },
  "D:\\CocosProjects\\Battle Game\\assets\\resources\\prefab\\object\\Message0.prefab.meta": {
    "time": 1652741631429.4587
  },
  "D:\\CocosProjects\\Battle Game\\assets\\resources\\prefab\\object\\Message0.prefab": {
    "time": 1654007194775.1436,
    "uuid": "f0e7ec09-2091-4680-8ce5-c7bb89d1d129",
    "missing": false
  },
  "D:\\CocosProjects\\Battle Game\\assets\\resources\\prefab\\scene\\Login.prefab.meta": {
    "time": 1652742563460.442
  },
  "D:\\CocosProjects\\Battle Game\\assets\\resources\\prefab\\scene\\Login.prefab": {
    "time": 1654341437580.4678,
    "uuid": "643914b8-24b4-4006-a144-fadf44216b82",
    "missing": false
  },
  "D:\\CocosProjects\\Battle Game\\assets\\scripts\\scene\\Login.ts.meta": {
    "time": 1652742611780.2527
  },
  "D:\\CocosProjects\\Battle Game\\assets\\scripts\\scene\\Login.ts": {
    "time": 1654156643178.761,
    "uuid": "347deef9-b82b-4e09-bd7f-20702d762b1d",
    "missing": false
  },
  "D:\\CocosProjects\\Battle Game\\assets\\scripts\\scene\\Game.ts.meta": {
    "time": 1652743544831.6492
  },
  "D:\\CocosProjects\\Battle Game\\assets\\scripts\\scene\\Game.ts": {
    "time": 1655045162795.9746,
    "uuid": "e8692f49-dd55-45a0-b554-4ac13cd6f03e",
    "missing": false
  },
  "D:\\CocosProjects\\Battle Game\\assets\\scripts\\scene\\Logic.ts.meta": {
    "time": 1652743551331.1829
  },
  "D:\\CocosProjects\\Battle Game\\assets\\scripts\\scene\\Logic.ts": {
    "time": 1654940528741.8665,
    "uuid": "cd6b087a-be66-4d0b-aa18-4d39b514eca4",
    "missing": false
  },
  "D:\\CocosProjects\\Battle Game\\assets\\scripts\\logic.meta": {
    "time": 1652744151141.8723
  },
  "D:\\CocosProjects\\Battle Game\\assets\\scripts\\logic": {
    "time": 1654938882266.0007,
    "uuid": "02b2b35b-8d41-4748-97d1-77309931d970",
    "missing": false
  },
  "D:\\CocosProjects\\Battle Game\\assets\\scripts\\logic\\lPlayer.ts.meta": {
    "time": 1652744160257.5176
  },
  "D:\\CocosProjects\\Battle Game\\assets\\scripts\\logic\\lPlayer.ts": {
    "time": 1654939751645.8513,
    "uuid": "5c36b392-ff88-4436-b645-b2430334655e",
    "missing": false
  },
  "D:\\CocosProjects\\Battle Game\\assets\\scripts\\logic\\lBullet.ts.meta": {
    "time": 1652744167856.9514
  },
  "D:\\CocosProjects\\Battle Game\\assets\\scripts\\logic\\lBullet.ts": {
    "time": 1654434420529.1985,
    "uuid": "81746d11-26b4-467e-9d1e-8ae602820c4d",
    "missing": false
  },
  "D:\\CocosProjects\\Battle Game\\assets\\resources\\prefab\\object\\PointPlayer.prefab.meta": {
    "time": 1652744921194.7607
  },
  "D:\\CocosProjects\\Battle Game\\assets\\resources\\prefab\\object\\PointPlayer.prefab": {
    "time": 1654006532303.6196,
    "uuid": "009b9828-8752-4b7f-8394-9994cd7f0eee",
    "missing": false
  },
  "D:\\CocosProjects\\Battle Game\\assets\\resources\\prefab\\object\\Player.prefab.meta": {
    "time": 1652745005371.8235
  },
  "D:\\CocosProjects\\Battle Game\\assets\\resources\\prefab\\object\\Player.prefab": {
    "time": 1655022395879.6519,
    "uuid": "e418cbc1-1b48-43ca-a2c7-e8bedeab0515",
    "missing": false
  },
  "D:\\CocosProjects\\Battle Game\\assets\\scripts\\ui\\Joystick.ts.meta": {
    "time": 1652750677145.8315
  },
  "D:\\CocosProjects\\Battle Game\\assets\\scripts\\ui\\Joystick.ts": {
    "time": 1654420468626.6914,
    "uuid": "3a99c34c-3cff-4a45-bfc1-ce338ea74429",
    "missing": false
  },
  "D:\\CocosProjects\\Battle Game\\assets\\resources\\prefab\\object\\teamPlayer.prefab.meta": {
    "time": 1652752247956.301
  },
  "D:\\CocosProjects\\Battle Game\\assets\\resources\\prefab\\object\\teamPlayer.prefab": {
    "time": 1653130615045.3726,
    "uuid": "41930f0c-4bec-4de4-a8c5-3c0df735e222",
    "missing": false
  },
  "D:\\CocosProjects\\Battle Game\\assets\\resources\\prefab\\object\\Bullet.prefab.meta": {
    "time": 1652773223706.5725
  },
  "D:\\CocosProjects\\Battle Game\\assets\\resources\\prefab\\object\\Bullet.prefab": {
    "time": 1654528392399.2312,
    "uuid": "ac00a6a8-a993-4212-8f37-5feec66bec8e",
    "missing": false
  },
  "D:\\CocosProjects\\Battle Game\\assets\\resources\\image\\player.meta": {
    "time": 1652836610977.659
  },
  "D:\\CocosProjects\\Battle Game\\assets\\resources\\image\\player": {
    "time": 1654527680680.898,
    "uuid": "0c0db033-2b3e-4f6a-9564-8307b1badf1d",
    "missing": false
  },
  "D:\\CocosProjects\\Battle Game\\assets\\resources\\image\\ui.meta": {
    "time": 1652836823421.7705
  },
  "D:\\CocosProjects\\Battle Game\\assets\\resources\\image\\ui": {
    "time": 1654670488538.6228,
    "uuid": "b8528b79-985f-4679-9dee-85bd4981ec89",
    "missing": false
  },
  "D:\\CocosProjects\\Battle Game\\assets\\resources\\image\\ui\\chassis.png.meta": {
    "time": 1652837072416.469
  },
  "D:\\CocosProjects\\Battle Game\\assets\\resources\\image\\ui\\rocker.png.meta": {
    "time": 1652837072434.421
  },
  "D:\\CocosProjects\\Battle Game\\assets\\resources\\image\\ui\\mpBox.png.meta": {
    "time": 1652837233066.9297
  },
  "D:\\CocosProjects\\Battle Game\\assets\\resources\\image\\ui\\mpStrip.png.meta": {
    "time": 1652837233067.9265
  },
  "D:\\CocosProjects\\Battle Game\\assets\\resources\\image\\ui\\chassis.png": {
    "time": 1639372310000,
    "uuid": "dc6b8508-5b9a-47bf-bf31-2aec1aa626a8",
    "missing": false
  },
  "D:\\CocosProjects\\Battle Game\\assets\\resources\\image\\ui\\rocker.png": {
    "time": 1639372566000,
    "uuid": "839ba43d-1dbf-4c3d-bb04-25b064c7374b",
    "missing": false
  },
  "D:\\CocosProjects\\Battle Game\\assets\\resources\\image\\ui\\mpBox.png": {
    "time": 1638703230000,
    "uuid": "d2733a9c-8523-4e92-87cb-3529dfe53f73",
    "missing": false
  },
  "D:\\CocosProjects\\Battle Game\\assets\\resources\\image\\ui\\mpStrip.png": {
    "time": 1638703668000,
    "uuid": "eaf8045f-465a-405b-b2ce-dd247bb80b65",
    "missing": false
  },
  "D:\\CocosProjects\\Battle Game\\assets\\resources\\image\\ui\\hpStrip.png.meta": {
    "time": 1652837233069.9236
  },
  "D:\\CocosProjects\\Battle Game\\assets\\resources\\image\\ui\\hpBox.png.meta": {
    "time": 1652837233068.9238
  },
  "D:\\CocosProjects\\Battle Game\\assets\\resources\\image\\ui\\hpStrip.png": {
    "time": 1638703612000,
    "uuid": "aed20cea-f6e2-41d9-b421-441d05521d80",
    "missing": false
  },
  "D:\\CocosProjects\\Battle Game\\assets\\resources\\image\\ui\\hpBox.png": {
    "time": 1638703378000,
    "uuid": "548de40e-b147-4ea9-9260-3694b6a462ae",
    "missing": false
  },
  "D:\\CocosProjects\\Battle Game\\assets\\resources\\image\\ui\\rockerAttack.png.meta": {
    "time": 1652837200354.2065
  },
  "D:\\CocosProjects\\Battle Game\\assets\\resources\\image\\ui\\rockerAttack.png": {
    "time": 1639394366000,
    "uuid": "571b4c7b-db3d-4f6a-b871-51fe1f35f378",
    "missing": false
  },
  "D:\\CocosProjects\\Battle Game\\assets\\resources\\image\\map.meta": {
    "time": 1652837615680.24
  },
  "D:\\CocosProjects\\Battle Game\\assets\\resources\\image\\map": {
    "time": 1654527680670.8977,
    "uuid": "2a76f528-a004-453b-87ea-cc64a6a69447",
    "missing": false
  },
  "D:\\CocosProjects\\Battle Game\\assets\\resources\\image\\map\\map0.png.meta": {
    "time": 1652837627300.7957
  },
  "D:\\CocosProjects\\Battle Game\\assets\\resources\\image\\map\\map0.png": {
    "time": 1638709528000,
    "uuid": "0e6ae954-5439-4134-b65d-40a526fe0d5e",
    "missing": false
  },
  "D:\\CocosProjects\\Battle Game\\assets\\resources\\image\\ui\\m16a4.png.meta": {
    "time": 1652837985637.712
  },
  "D:\\CocosProjects\\Battle Game\\assets\\resources\\image\\ui\\m16a4.png": {
    "time": 1637879974000,
    "uuid": "4d90dc45-c952-4b13-8f48-276c529a9624",
    "missing": false
  },
  "D:\\CocosProjects\\Battle Game\\assets\\resources\\image\\ui\\unfurl.png.meta": {
    "time": 1652838212981.881
  },
  "D:\\CocosProjects\\Battle Game\\assets\\resources\\image\\ui\\unfurl.png": {
    "time": 1639394392000,
    "uuid": "b26a5700-437d-41b4-b9e7-474ea6032730",
    "missing": false
  },
  "D:\\CocosProjects\\Battle Game\\assets\\resources\\prefab\\object\\ThrowingBox.prefab.meta": {
    "time": 1652839157412.0647
  },
  "D:\\CocosProjects\\Battle Game\\assets\\resources\\prefab\\object\\ThrowingBox.prefab": {
    "time": 1653130487882.6936,
    "uuid": "b4aa018d-85f9-4fe6-b98e-4f8cf4f15241",
    "missing": false
  },
  "D:\\CocosProjects\\Battle Game\\assets\\scripts\\logic\\lMedicine.ts.meta": {
    "time": 1652933694453.5862
  },
  "D:\\CocosProjects\\Battle Game\\assets\\scripts\\logic\\lMedicine.ts": {
    "time": 1654829533348.9634,
    "uuid": "b0d79057-b798-4483-be50-61478692dfb4",
    "missing": false
  },
  "D:\\CocosProjects\\Battle Game\\assets\\resources\\prefab\\object\\Item.prefab.meta": {
    "time": 1652963191490.2097
  },
  "D:\\CocosProjects\\Battle Game\\assets\\resources\\prefab\\object\\Item.prefab": {
    "time": 1652964491081.7793,
    "uuid": "0d08394e-2361-4ac0-9087-e06717ff16ab",
    "missing": false
  },
  "D:\\CocosProjects\\Battle Game\\assets\\scripts\\logic\\lItem.ts.meta": {
    "time": 1652963249688.6646
  },
  "D:\\CocosProjects\\Battle Game\\assets\\scripts\\logic\\lItem.ts": {
    "time": 1654673485034.1218,
    "uuid": "7d5a38f0-75d1-4dad-9afb-b4823903b49e",
    "missing": false
  },
  "D:\\CocosProjects\\Battle Game\\assets\\resources\\image\\item.meta": {
    "time": 1652964278036.912
  },
  "D:\\CocosProjects\\Battle Game\\assets\\resources\\image\\item": {
    "time": 1655045148008.2014,
    "uuid": "d2024df8-74fe-4daf-aea7-2fe8786c9366",
    "missing": false
  },
  "D:\\CocosProjects\\Battle Game\\assets\\resources\\image\\ui\\box0.png.meta": {
    "time": 1653023579644.5305
  },
  "D:\\CocosProjects\\Battle Game\\assets\\resources\\image\\ui\\box0.png": {
    "time": 1640012420000,
    "uuid": "f58920cb-9db8-407a-8d5f-251c1b9a48d2",
    "missing": false
  },
  "D:\\CocosProjects\\Battle Game\\assets\\resources\\image\\ui\\view0.png.meta": {
    "time": 1653023945518.9976
  },
  "D:\\CocosProjects\\Battle Game\\assets\\resources\\image\\ui\\view0.png": {
    "time": 1639379158000,
    "uuid": "1b17c965-e4d4-4c50-81ad-fc372924bc19",
    "missing": false
  },
  "D:\\CocosProjects\\Battle Game\\assets\\resources\\image\\circle0.png.meta": {
    "time": 1653128514518.547
  },
  "D:\\CocosProjects\\Battle Game\\assets\\resources\\image\\circle0.png": {
    "time": 1639371814000,
    "uuid": "dc2e1820-01ae-46b8-ada3-48f8444dc9c0",
    "missing": false
  },
  "D:\\CocosProjects\\Battle Game\\assets\\resources\\prefab\\object\\Map0.prefab.meta": {
    "time": 1653129642917.0518
  },
  "D:\\CocosProjects\\Battle Game\\assets\\resources\\prefab\\object\\Map0.prefab": {
    "time": 1654937771454.0818,
    "uuid": "cc93984c-5c1d-44cc-9ac3-80ec38ca65fc",
    "missing": false
  },
  "D:\\CocosProjects\\Battle Game\\assets\\resources\\prefab\\object\\PointMapPlayer.prefab.meta": {
    "time": 1653233404116.6174
  },
  "D:\\CocosProjects\\Battle Game\\assets\\resources\\prefab\\object\\PointMapPlayer.prefab": {
    "time": 1654006551951.823,
    "uuid": "00ffa79b-80e7-46ce-8d42-390b48c0423f",
    "missing": false
  },
  "D:\\CocosProjects\\Battle Game\\assets\\scripts\\logic\\lFirearm.ts.meta": {
    "time": 1653300389830.1165
  },
  "D:\\CocosProjects\\Battle Game\\assets\\scripts\\logic\\lFirearm.ts": {
    "time": 1654140386660.1255,
    "uuid": "d9a7d44d-24f5-445c-8d48-aec9cd16116d",
    "missing": false
  },
  "D:\\CocosProjects\\Battle Game\\assets\\scripts\\logic\\lFirearmBullet.ts.meta": {
    "time": 1653379610807.7402
  },
  "D:\\CocosProjects\\Battle Game\\assets\\scripts\\logic\\lFirearmBullet.ts": {
    "time": 1654829496133.3403,
    "uuid": "cb5466af-b7b0-48ec-a8ea-66640d99f0c4",
    "missing": false
  },
  "D:\\CocosProjects\\Battle Game\\assets\\resources\\image\\player\\Helmet0.png.meta": {
    "time": 1653488639658.9421
  },
  "D:\\CocosProjects\\Battle Game\\assets\\resources\\image\\player\\Player0.png.meta": {
    "time": 1653488639657.945
  },
  "D:\\CocosProjects\\Battle Game\\assets\\resources\\image\\player\\Helmet0.png": {
    "time": 1653490090264.3174,
    "uuid": "cb87e527-742d-427e-a58f-12be231917aa",
    "missing": false
  },
  "D:\\CocosProjects\\Battle Game\\assets\\resources\\image\\player\\Player0.png": {
    "time": 1653489894798.712,
    "uuid": "5eef6666-e405-4c81-81b7-6de4103340b7",
    "missing": false
  },
  "D:\\CocosProjects\\Battle Game\\assets\\resources\\image\\item\\item_firearm_0.png.meta": {
    "time": 1655044647595.2297
  },
  "D:\\CocosProjects\\Battle Game\\assets\\resources\\image\\item\\item_firearm_0.png": {
    "time": 1655044158951.3464,
    "uuid": "ad5b3508-d9cb-404f-b519-4b7f418a4b0a",
    "missing": false
  },
  "D:\\CocosProjects\\Battle Game\\assets\\resources\\prefab\\object\\ItemLayer.prefab.meta": {
    "time": 1653492733572.9683
  },
  "D:\\CocosProjects\\Battle Game\\assets\\resources\\prefab\\object\\ItemLayer.prefab": {
    "time": 1653492733569.978,
    "uuid": "6c01df15-c007-4c23-a5cf-613ff650fda4",
    "missing": false
  },
  "D:\\CocosProjects\\Battle Game\\assets\\resources\\image\\item\\item_firearm_1.png.meta": {
    "time": 1655044648109.4275
  },
  "D:\\CocosProjects\\Battle Game\\assets\\resources\\image\\item\\item_firearm_1.png": {
    "time": 1655044636086.7432,
    "uuid": "166df0aa-aed5-4770-a10a-a3ce02b37e79",
    "missing": false
  },
  "D:\\CocosProjects\\Battle Game\\assets\\resources\\json.meta": {
    "time": 1653536450089.4143
  },
  "D:\\CocosProjects\\Battle Game\\assets\\resources\\json": {
    "time": 1654527680720.8977,
    "uuid": "6fcadfb9-1916-4aa7-8d32-587c232991d3",
    "missing": false
  },
  "D:\\CocosProjects\\Battle Game\\assets\\resources\\json\\table.meta": {
    "time": 1653538497773.4756
  },
  "D:\\CocosProjects\\Battle Game\\assets\\resources\\json\\table": {
    "time": 1654939256006.0798,
    "uuid": "73e12fc1-0b70-4478-ae61-2913ace07ed8",
    "missing": false
  },
  "D:\\CocosProjects\\Battle Game\\assets\\resources\\json\\table\\vector.json.meta": {
    "time": 1653538520575.6592
  },
  "D:\\CocosProjects\\Battle Game\\assets\\resources\\json\\table\\vector.json": {
    "time": 1654419827547.995,
    "uuid": "eb379cec-75b3-4f2e-8d1c-de8c1c86f602",
    "missing": false
  },
  "D:\\CocosProjects\\Battle Game\\assets\\resources\\image\\item\\item_firearm_2.png.meta": {
    "time": 1655044649310.9612
  },
  "D:\\CocosProjects\\Battle Game\\assets\\resources\\image\\item\\item_firearm_2.png": {
    "time": 1655044460230.2756,
    "uuid": "6a7e19e7-0fa2-4112-96e4-4e1acc04ddb3",
    "missing": false
  },
  "D:\\CocosProjects\\Battle Game\\assets\\resources\\image\\item\\item_firearm_3.png.meta": {
    "time": 1655044647092.636
  },
  "D:\\CocosProjects\\Battle Game\\assets\\resources\\image\\item\\item_firearm_3.png": {
    "time": 1655044460230.2756,
    "uuid": "31b8982b-0220-4651-a7d3-deb09a411c26",
    "missing": false
  },
  "D:\\CocosProjects\\Battle Game\\assets\\resources\\json\\table\\firearm.json.meta": {
    "time": 1653639607960.2231
  },
  "D:\\CocosProjects\\Battle Game\\assets\\resources\\json\\table\\firearm.json": {
    "time": 1655045210551.6123,
    "uuid": "5f532e50-8c98-4dbc-a61e-7dbe3403f79e",
    "missing": false
  },
  "D:\\CocosProjects\\Battle Game\\assets\\resources\\json\\table\\bullet.json.meta": {
    "time": 1653640441208.656
  },
  "D:\\CocosProjects\\Battle Game\\assets\\resources\\json\\table\\medicine.json.meta": {
    "time": 1653640441204.666
  },
  "D:\\CocosProjects\\Battle Game\\assets\\resources\\json\\table\\medicine.json": {
    "time": 1654833328879.9856,
    "uuid": "7fa83467-627a-4316-a82e-58bbfc9c1ab4",
    "missing": false
  },
  "D:\\CocosProjects\\Battle Game\\assets\\resources\\json\\table\\bullet.json": {
    "time": 1655022258506.683,
    "uuid": "59dec30c-1b0f-4902-9715-f4eb1ef34461",
    "missing": false
  },
  "D:\\CocosProjects\\Battle Game\\assets\\scripts\\ui\\PackItem.ts.meta": {
    "time": 1653659318497.751
  },
  "D:\\CocosProjects\\Battle Game\\assets\\scripts\\ui\\PackItem.ts": {
    "time": 1653659414479.6912,
    "uuid": "f1fe6049-7475-484b-9b27-62b124e7b572",
    "missing": false
  },
  "D:\\CocosProjects\\Battle Game\\assets\\resources\\prefab\\object\\CollideBox.prefab.meta": {
    "time": 1653788644371.7644
  },
  "D:\\CocosProjects\\Battle Game\\assets\\resources\\prefab\\object\\CollideBox.prefab": {
    "time": 1654937298047.5076,
    "uuid": "4afd160b-1dc1-49e9-95d1-8d39c3cbb3e9",
    "missing": false
  },
  "D:\\CocosProjects\\Battle Game\\assets\\resources\\json\\map.meta": {
    "time": 1653790000053.093
  },
  "D:\\CocosProjects\\Battle Game\\assets\\resources\\json\\map\\map0.json.meta": {
    "time": 1653790000062.0693
  },
  "D:\\CocosProjects\\Battle Game\\assets\\resources\\json\\map": {
    "time": 1654527680710.899,
    "uuid": "8497ed0d-3a06-4fe5-9fbf-a151ae2cfc83",
    "missing": false
  },
  "D:\\CocosProjects\\Battle Game\\assets\\resources\\json\\map\\map0.json": {
    "time": 1654937866889.068,
    "uuid": "e0f70216-00b6-43ec-8e44-56f0c2ab20bb",
    "missing": false
  },
  "D:\\CocosProjects\\Battle Game\\assets\\resources\\audio\\audio_firearm0.mp3.meta": {
    "time": 1653791643588.443
  },
  "D:\\CocosProjects\\Battle Game\\assets\\resources\\audio\\audio_firearm0.mp3": {
    "time": 1638942164000,
    "uuid": "a8deffc7-a2be-45f4-8382-3f8d8029c027",
    "missing": false
  },
  "D:\\CocosProjects\\Battle Game\\assets\\scripts\\manager\\AudioManager.ts.meta": {
    "time": 1653791681115.6335
  },
  "D:\\CocosProjects\\Battle Game\\assets\\scripts\\manager\\AudioManager.ts": {
    "time": 1654154001563.608,
    "uuid": "8d011fb5-d5eb-4398-bb29-e23069de2224",
    "missing": false
  },
  "D:\\CocosProjects\\Battle Game\\assets\\resources\\prefab\\object\\NodeLayer.prefab.meta": {
    "time": 1653817409270.099
  },
  "D:\\CocosProjects\\Battle Game\\assets\\resources\\prefab\\object\\NodeLayer.prefab": {
    "time": 1653817409267.109,
    "uuid": "8b5e01d1-3411-4519-9958-9b0cdca82608",
    "missing": false
  },
  "D:\\CocosProjects\\Battle Game\\assets\\resources\\prefab\\object\\house.meta": {
    "time": 1653879327637.24
  },
  "D:\\CocosProjects\\Battle Game\\assets\\resources\\prefab\\object\\house": {
    "time": 1654936813896.5642,
    "uuid": "136c4c2b-3a24-4bed-b954-4c6e92215006",
    "missing": false
  },
  "D:\\CocosProjects\\Battle Game\\assets\\resources\\prefab\\object\\door.meta": {
    "time": 1653879346049.1287
  },
  "D:\\CocosProjects\\Battle Game\\assets\\resources\\prefab\\object\\door": {
    "time": 1654527680750.898,
    "uuid": "4eb9e372-94b4-4200-bc6a-53e1193d9844",
    "missing": false
  },
  "D:\\CocosProjects\\Battle Game\\assets\\resources\\prefab\\object\\door\\Door1.prefab.meta": {
    "time": 1653789041637.2883
  },
  "D:\\CocosProjects\\Battle Game\\assets\\resources\\prefab\\object\\door\\Door1.prefab": {
    "time": 1653792535200.2234,
    "uuid": "4eee688a-42b1-4b89-bbfd-54527df858cc",
    "missing": false
  },
  "D:\\CocosProjects\\Battle Game\\assets\\resources\\prefab\\object\\door\\Door0.prefab.meta": {
    "time": 1653789036848.0999
  },
  "D:\\CocosProjects\\Battle Game\\assets\\resources\\prefab\\object\\door\\Door0.prefab": {
    "time": 1653792541455.412,
    "uuid": "91a4f6d6-1645-458c-aa8c-22f21b85f77c",
    "missing": false
  },
  "D:\\CocosProjects\\Battle Game\\assets\\resources\\prefab\\object\\roof.meta": {
    "time": 1653879355203.4036
  },
  "D:\\CocosProjects\\Battle Game\\assets\\resources\\prefab\\object\\roof": {
    "time": 1654527680760.8977,
    "uuid": "a2312fd1-6f23-4b20-b6da-1f93f336c36f",
    "missing": false
  },
  "D:\\CocosProjects\\Battle Game\\assets\\resources\\prefab\\object\\roof\\Roof0.prefab.meta": {
    "time": 1653879230893.424
  },
  "D:\\CocosProjects\\Battle Game\\assets\\resources\\prefab\\object\\roof\\Roof0.prefab": {
    "time": 1654186395366.4458,
    "uuid": "97f208c8-455c-4472-acde-2ab4dee2be54",
    "missing": false
  },
  "D:\\CocosProjects\\Battle Game\\assets\\resources\\prefab\\object\\ui.meta": {
    "time": 1653879369254.6997
  },
  "D:\\CocosProjects\\Battle Game\\assets\\resources\\prefab\\object\\ui": {
    "time": 1654527680770.8977,
    "uuid": "00b6129b-957e-4443-b168-5a872950711a",
    "missing": false
  },
  "D:\\CocosProjects\\Battle Game\\assets\\resources\\prefab\\object\\ui\\Item1.prefab.meta": {
    "time": 1652964871539.2537
  },
  "D:\\CocosProjects\\Battle Game\\assets\\resources\\prefab\\object\\ui\\Item1.prefab": {
    "time": 1654410203747.5452,
    "uuid": "48c13e63-ee1a-4a64-95c5-1a4adcb56b3b",
    "missing": false
  },
  "D:\\CocosProjects\\Battle Game\\assets\\resources\\prefab\\object\\ui\\Item2.prefab.meta": {
    "time": 1653560815044.187
  },
  "D:\\CocosProjects\\Battle Game\\assets\\resources\\prefab\\object\\ui\\Item2.prefab": {
    "time": 1654410799511.6267,
    "uuid": "f4527e29-6956-4ae1-8851-65f641ed8a77",
    "missing": false
  },
  "D:\\CocosProjects\\Battle Game\\assets\\resources\\prefab\\object\\ui\\groupPlayer.prefab.meta": {
    "time": 1652742022009.8848
  },
  "D:\\CocosProjects\\Battle Game\\assets\\resources\\prefab\\object\\ui\\groupPlayer.prefab": {
    "time": 1652743050635.8142,
    "uuid": "e2629b6d-8203-41ef-90f1-6b8dd1a14e1b",
    "missing": false
  },
  "D:\\CocosProjects\\Battle Game\\assets\\resources\\prefab\\object\\ui\\ButtonWeapon.prefab.meta": {
    "time": 1652792114296.7173
  },
  "D:\\CocosProjects\\Battle Game\\assets\\resources\\prefab\\object\\ui\\ButtonWeapon.prefab": {
    "time": 1653493485665.8718,
    "uuid": "5bfcdc9c-6ffc-4845-934c-6392105e379c",
    "missing": false
  },
  "D:\\CocosProjects\\Battle Game\\assets\\resources\\prefab\\object\\ui\\MedicineBox.prefab.meta": {
    "time": 1652838866371.982
  },
  "D:\\CocosProjects\\Battle Game\\assets\\resources\\prefab\\object\\ui\\MedicineBox.prefab": {
    "time": 1654228144426.5903,
    "uuid": "0b14acbd-6ea5-4734-a607-6a04cb7bf12a",
    "missing": false
  },
  "D:\\CocosProjects\\Battle Game\\assets\\resources\\image\\BoxBeat.png.meta": {
    "time": 1653962680188.9897
  },
  "D:\\CocosProjects\\Battle Game\\assets\\resources\\image\\BoxBeat.png": {
    "time": 1653962643682.8577,
    "uuid": "c67ca1ce-4fb0-4a89-980d-06ed1801b2b8",
    "missing": false
  },
  "D:\\CocosProjects\\Battle Game\\assets\\scripts\\manager\\PoolManager.ts.meta": {
    "time": 1653965054440.1575
  },
  "D:\\CocosProjects\\Battle Game\\assets\\scripts\\manager\\PoolManager.ts": {
    "time": 1654099705390.0671,
    "uuid": "3e88aade-b61d-4b86-a265-711ef4e9ce3c",
    "missing": false
  },
  "D:\\CocosProjects\\Battle Game\\assets\\resources\\prefab\\scene\\Connect.prefab.meta": {
    "time": 1653987215039.9841
  },
  "D:\\CocosProjects\\Battle Game\\assets\\resources\\prefab\\scene\\Connect.prefab": {
    "time": 1653987743325.4236,
    "uuid": "d1322f20-b66f-4837-8fad-8101480b8158",
    "missing": false
  },
  "D:\\CocosProjects\\Battle Game\\assets\\scripts\\scene\\Connect.ts.meta": {
    "time": 1653987279871.8396
  },
  "D:\\CocosProjects\\Battle Game\\assets\\scripts\\scene\\Connect.ts": {
    "time": 1653987624699.6106,
    "uuid": "0e38caac-4d24-4bc9-8a2f-2fd7ea7c12ec",
    "missing": false
  },
  "D:\\CocosProjects\\Battle Game\\assets\\scripts\\logic\\lThrowing.ts.meta": {
    "time": 1654068622975.755
  },
  "D:\\CocosProjects\\Battle Game\\assets\\scripts\\logic\\lThrowing.ts": {
    "time": 1654829565208.0137,
    "uuid": "266737cb-723c-4dcf-86e3-675911d90c60",
    "missing": false
  },
  "D:\\CocosProjects\\Battle Game\\assets\\resources\\json\\table\\throwing.json.meta": {
    "time": 1654069469256.259
  },
  "D:\\CocosProjects\\Battle Game\\assets\\resources\\json\\table\\throwing.json": {
    "time": 1654833346802.1006,
    "uuid": "f58a94bf-6e46-40ca-bb9c-916bd178e374",
    "missing": false
  },
  "D:\\CocosProjects\\Battle Game\\assets\\resources\\image\\item\\item_throwing_0.png.meta": {
    "time": 1655045148034.1284
  },
  "D:\\CocosProjects\\Battle Game\\assets\\resources\\image\\item\\item_throwing_0.png": {
    "time": 1655045133220.269,
    "uuid": "1c29b1dc-41e9-47c4-b10d-83f72a0ed2b2",
    "missing": false
  },
  "D:\\CocosProjects\\Battle Game\\assets\\scripts\\logic\\lThrowingBullet.ts.meta": {
    "time": 1654096528715.239
  },
  "D:\\CocosProjects\\Battle Game\\assets\\scripts\\logic\\lThrowingBullet.ts": {
    "time": 1654249757774.257,
    "uuid": "6bfc079a-a0ee-41c2-97c5-9c4db40324b9",
    "missing": false
  },
  "D:\\CocosProjects\\Battle Game\\assets\\resources\\prefab\\object\\Throwing.prefab.meta": {
    "time": 1654101539410.7117
  },
  "D:\\CocosProjects\\Battle Game\\assets\\resources\\prefab\\object\\Throwing.prefab": {
    "time": 1654101569233.7795,
    "uuid": "160f6264-86c0-434b-8e4c-3822dd5cdd8c",
    "missing": false
  },
  "D:\\CocosProjects\\Battle Game\\assets\\resources\\audio\\audio_firearm1.mp3.meta": {
    "time": 1654104059059.8503
  },
  "D:\\CocosProjects\\Battle Game\\assets\\resources\\audio\\audio_firearm1.mp3": {
    "time": 1654104017141.7976,
    "uuid": "786819e7-be60-42c0-99e2-f898a531140f",
    "missing": false
  },
  "D:\\CocosProjects\\Battle Game\\assets\\resources\\prefab\\object\\ui\\Item3.prefab.meta": {
    "time": 1654136459344.0063
  },
  "D:\\CocosProjects\\Battle Game\\assets\\resources\\prefab\\object\\ui\\Item3.prefab": {
    "time": 1654139134683.9556,
    "uuid": "20bd421e-a2cb-4191-af9e-85ab7d3820f8",
    "missing": false
  },
  "D:\\CocosProjects\\Battle Game\\assets\\resources\\audio\\audio_music0.mp3.meta": {
    "time": 1654153892537.558
  },
  "D:\\CocosProjects\\Battle Game\\assets\\resources\\audio\\audio_music0.mp3": {
    "time": 1654153840636.3318,
    "uuid": "afbb62e7-629d-4f94-a196-0a6fd68e2b0b",
    "missing": false
  },
  "D:\\CocosProjects\\Battle Game\\assets\\resources\\json\\table\\name.json.meta": {
    "time": 1654156501628.6255
  },
  "D:\\CocosProjects\\Battle Game\\assets\\resources\\json\\table\\name.json": {
    "time": 1654156432960.0073,
    "uuid": "c6e24ef2-dd3f-4785-a1c7-ef6a47250eb2",
    "missing": false
  },
  "D:\\CocosProjects\\Battle Game\\assets\\resources\\image\\house.meta": {
    "time": 1654185234587.1213
  },
  "D:\\CocosProjects\\Battle Game\\assets\\resources\\image\\house": {
    "time": 1654938627095.2441,
    "uuid": "7ac69ee5-f576-41f9-8ea4-fb343788f819",
    "missing": false
  },
  "D:\\CocosProjects\\Battle Game\\assets\\resources\\image\\house\\House0.png.meta": {
    "time": 1654185251293.7185
  },
  "D:\\CocosProjects\\Battle Game\\assets\\resources\\image\\house\\House0.png": {
    "time": 1654938605880.4412,
    "uuid": "3fe96526-5f7b-4dd7-a8eb-33d6349ef15e",
    "missing": false
  },
  "D:\\CocosProjects\\Battle Game\\assets\\resources\\prefab\\object\\house\\House0.prefab.meta": {
    "time": 1654185470751.429
  },
  "D:\\CocosProjects\\Battle Game\\assets\\resources\\prefab\\object\\house\\House0.prefab": {
    "time": 1654190971157.3823,
    "uuid": "d554a38b-737f-46f7-ac8a-bc235b2dbfa3",
    "missing": false
  },
  "D:\\CocosProjects\\Battle Game\\assets\\resources\\prefab\\object\\background.meta": {
    "time": 1654187727769.5898
  },
  "D:\\CocosProjects\\Battle Game\\assets\\resources\\prefab\\object\\background": {
    "time": 1654527680750.898,
    "uuid": "0823cab5-df23-4d7a-8927-fb925b5c05da",
    "missing": false
  },
  "D:\\CocosProjects\\Battle Game\\assets\\resources\\prefab\\object\\background\\BackGround0.prefab.meta": {
    "time": 1654187779754.8113
  },
  "D:\\CocosProjects\\Battle Game\\assets\\resources\\prefab\\object\\background\\BackGround0.prefab": {
    "time": 1654188106179.2317,
    "uuid": "71a0beb3-39a8-4074-ba82-1242b599e583",
    "missing": false
  },
  "D:\\CocosProjects\\Battle Game\\assets\\resources\\prefab\\object\\house\\House1.prefab.meta": {
    "time": 1654189293478.4802
  },
  "D:\\CocosProjects\\Battle Game\\assets\\resources\\prefab\\object\\house\\House1.prefab": {
    "time": 1654190979530.0198,
    "uuid": "df0a6cdf-dc7d-4822-9b14-3186ec6567af",
    "missing": false
  },
  "D:\\CocosProjects\\Battle Game\\assets\\resources\\image\\house\\House1.png.meta": {
    "time": 1654189311926.4834
  },
  "D:\\CocosProjects\\Battle Game\\assets\\resources\\image\\house\\House1.png": {
    "time": 1654189278024.902,
    "uuid": "0cd09461-1b18-4c65-bea4-db5904acc5ce",
    "missing": false
  },
  "D:\\CocosProjects\\Battle Game\\assets\\resources\\image\\item\\item_firearm_4.png.meta": {
    "time": 1655044649844.628
  },
  "D:\\CocosProjects\\Battle Game\\assets\\resources\\image\\item\\item_firearm_4.png": {
    "time": 1655044532398.4158,
    "uuid": "f1a806f9-8891-4631-9911-db289f053058",
    "missing": false
  },
  "D:\\CocosProjects\\Battle Game\\assets\\resources\\image\\item\\item_firearm_5.png.meta": {
    "time": 1655044650374.5908
  },
  "D:\\CocosProjects\\Battle Game\\assets\\resources\\image\\item\\item_firearm_5.png": {
    "time": 1655044381406.8352,
    "uuid": "618f9f58-60f6-4dd9-a3c4-7da2c9083f01",
    "missing": false
  },
  "D:\\CocosProjects\\Battle Game\\assets\\resources\\image\\item\\item_firearm_6.png.meta": {
    "time": 1655044648691.6838
  },
  "D:\\CocosProjects\\Battle Game\\assets\\resources\\image\\item\\item_firearm_6.png": {
    "time": 1655044158951.3464,
    "uuid": "e62f4f27-10d3-4ae8-97b9-34f346d876d0",
    "missing": false
  },
  "D:\\CocosProjects\\Battle Game\\assets\\scripts\\logic\\lHelmet.ts.meta": {
    "time": 1654583072181.4597
  },
  "D:\\CocosProjects\\Battle Game\\assets\\scripts\\logic\\lHelmet.ts": {
    "time": 1654586689390.2903,
    "uuid": "45b773e4-e042-4ae9-a255-b043c0d7952b",
    "missing": false
  },
  "D:\\CocosProjects\\Battle Game\\assets\\resources\\json\\table\\helmet.json.meta": {
    "time": 1654583822183.416
  },
  "D:\\CocosProjects\\Battle Game\\assets\\resources\\json\\table\\helmet.json": {
    "time": 1654939103622.5488,
    "uuid": "de8afdfe-3a3d-42c5-b1d2-e8f5c7a4e1c5",
    "missing": false
  },
  "D:\\CocosProjects\\Battle Game\\assets\\scripts\\logic\\lSmoke.ts.meta": {
    "time": 1654670209147.8096
  },
  "D:\\CocosProjects\\Battle Game\\assets\\scripts\\logic\\lSmoke.ts": {
    "time": 1654673250926.8765,
    "uuid": "495a873f-350c-4738-ad3f-564c05f411e4",
    "missing": false
  },
  "D:\\CocosProjects\\Battle Game\\assets\\resources\\image\\ui\\smoke.png.meta": {
    "time": 1654670488558.5708
  },
  "D:\\CocosProjects\\Battle Game\\assets\\resources\\image\\ui\\smoke.png": {
    "time": 1654670434877.809,
    "uuid": "5dcb043f-8937-4d55-984d-93f0f1c2648b",
    "missing": false
  },
  "D:\\CocosProjects\\Battle Game\\assets\\resources\\prefab\\object\\Smoke.prefab.meta": {
    "time": 1654670499723.107
  },
  "D:\\CocosProjects\\Battle Game\\assets\\resources\\prefab\\object\\Smoke.prefab": {
    "time": 1654670499721.1272,
    "uuid": "939b9a68-50f5-4e7d-91a7-a37c0a617466",
    "missing": false
  },
  "D:\\CocosProjects\\Battle Game\\assets\\resources\\image\\item\\item_throwing_1.png.meta": {
    "time": 1655044098981.1907
  },
  "D:\\CocosProjects\\Battle Game\\assets\\resources\\image\\item\\item_throwing_1.png": {
    "time": 1655044077380.5654,
    "uuid": "45c060cc-e45b-4fe1-8544-84de08c85998",
    "missing": false
  },
  "D:\\CocosProjects\\Battle Game\\assets\\scripts\\logic\\lPack.ts.meta": {
    "time": 1654833588505.1838
  },
  "D:\\CocosProjects\\Battle Game\\assets\\scripts\\logic\\lPack.ts": {
    "time": 1654833690049.4885,
    "uuid": "6705b224-3fca-4299-9c31-9b30400c2f14",
    "missing": false
  },
  "D:\\CocosProjects\\Battle Game\\assets\\resources\\json\\table\\pack.json.meta": {
    "time": 1654852990501.097
  },
  "D:\\CocosProjects\\Battle Game\\assets\\resources\\json\\table\\pack.json": {
    "time": 1654833820921.454,
    "uuid": "83559c7a-292f-4088-91c7-f500e3987dac",
    "missing": false
  },
  "D:\\CocosProjects\\Battle Game\\assets\\resources\\image\\house\\House2.png.meta": {
    "time": 1654936798577.543
  },
  "D:\\CocosProjects\\Battle Game\\assets\\resources\\image\\house\\House2.png": {
    "time": 1654936763552.7812,
    "uuid": "2505ed1c-d566-4230-8773-385f9c6a6754",
    "missing": false
  },
  "D:\\CocosProjects\\Battle Game\\assets\\resources\\prefab\\object\\house\\House2.prefab.meta": {
    "time": 1654936813905.099
  },
  "D:\\CocosProjects\\Battle Game\\assets\\resources\\prefab\\object\\house\\House2.prefab": {
    "time": 1654938473939.24,
    "uuid": "c0463e2f-39a2-4cc3-95d4-51a70bdc45f5",
    "missing": false
  },
  "D:\\CocosProjects\\Battle Game\\assets\\scripts\\logic\\lArmor.ts.meta": {
    "time": 1654938882267.995
  },
  "D:\\CocosProjects\\Battle Game\\assets\\scripts\\logic\\lArmor.ts": {
    "time": 1654938909560.5366,
    "uuid": "795e2afa-89b3-48f0-81de-d423cb482f41",
    "missing": false
  },
  "D:\\CocosProjects\\Battle Game\\assets\\resources\\json\\table\\armor.json.meta": {
    "time": 1654939256023.0361
  },
  "D:\\CocosProjects\\Battle Game\\assets\\resources\\json\\table\\armor.json": {
    "time": 1655019757319.514,
    "uuid": "a83a4c5f-4737-4c6e-be94-60059fc4a3c4",
    "missing": false
  },
  "D:\\CocosProjects\\Battle Game\\assets\\resources\\image\\armor.meta": {
    "time": 1655019451062.737
  },
  "D:\\CocosProjects\\Battle Game\\assets\\resources\\image\\armor": {
    "time": 1655025865114.6052,
    "uuid": "d1c41731-aefe-4a65-b5fd-5b3c5ac5ecee",
    "missing": false
  },
  "D:\\CocosProjects\\Battle Game\\assets\\resources\\image\\armor\\item_armor_0.png.meta": {
    "time": 1655025863533.357
  },
  "D:\\CocosProjects\\Battle Game\\assets\\resources\\image\\armor\\item_armor_1.png.meta": {
    "time": 1655025863920.5652
  },
  "D:\\CocosProjects\\Battle Game\\assets\\resources\\image\\armor\\item_armor_3.png.meta": {
    "time": 1655025864669.051
  },
  "D:\\CocosProjects\\Battle Game\\assets\\resources\\image\\armor\\item_armor_2.png.meta": {
    "time": 1655025865143.5288
  },
  "D:\\CocosProjects\\Battle Game\\assets\\resources\\image\\armor\\item_armor_4.png.meta": {
    "time": 1655025864313.0051
  },
  "D:\\CocosProjects\\Battle Game\\assets\\resources\\image\\armor\\item_armor_0.png": {
    "time": 1655025751468.3987,
    "uuid": "75245323-c415-47c7-8480-75ff522ac421",
    "missing": false
  },
  "D:\\CocosProjects\\Battle Game\\assets\\resources\\image\\armor\\item_armor_1.png": {
    "time": 1655025757388.6438,
    "uuid": "53fe1f6a-cc6a-4df2-9685-f47ae1e12ffe",
    "missing": false
  },
  "D:\\CocosProjects\\Battle Game\\assets\\resources\\image\\armor\\item_armor_3.png": {
    "time": 1655025770294.5457,
    "uuid": "2b7bd8f2-7708-4637-9bda-a771b8c06e4b",
    "missing": false
  },
  "D:\\CocosProjects\\Battle Game\\assets\\resources\\image\\armor\\item_armor_2.png": {
    "time": 1655025763501.1047,
    "uuid": "4950a17a-6112-432b-b9da-2ec16eff6393",
    "missing": false
  },
  "D:\\CocosProjects\\Battle Game\\assets\\resources\\image\\armor\\item_armor_4.png": {
    "time": 1655025776212.3997,
    "uuid": "2f60a5b4-d183-4097-83c7-f385754fe9e5",
    "missing": false
  },
  "D:\\CocosProjects\\Battle Game\\assets\\resources\\image\\helmet.meta": {
    "time": 1655020446728.103
  },
  "D:\\CocosProjects\\Battle Game\\assets\\resources\\image\\helmet": {
    "time": 1655045142125.0063,
    "uuid": "0954aa5e-9d13-4ca9-a7e7-d90bde785a35",
    "missing": false
  },
  "D:\\CocosProjects\\Battle Game\\assets\\resources\\image\\helmet\\item_helmet_3.png.meta": {
    "time": 1655020522537.5513
  },
  "D:\\CocosProjects\\Battle Game\\assets\\resources\\image\\helmet\\item_helmet_4.png.meta": {
    "time": 1655020522536.5525
  },
  "D:\\CocosProjects\\Battle Game\\assets\\resources\\image\\helmet\\item_helmet_1.png.meta": {
    "time": 1655020522540.5437
  },
  "D:\\CocosProjects\\Battle Game\\assets\\resources\\image\\helmet\\item_helmet_0.png.meta": {
    "time": 1655020522541.5396
  },
  "D:\\CocosProjects\\Battle Game\\assets\\resources\\image\\helmet\\item_helmet_2.png.meta": {
    "time": 1655020522538.5476
  },
  "D:\\CocosProjects\\Battle Game\\assets\\resources\\image\\helmet\\item_helmet_3.png": {
    "time": 1655020431655.283,
    "uuid": "54f3aad1-970e-465b-b2ae-6ec35cb8d8a2",
    "missing": false
  },
  "D:\\CocosProjects\\Battle Game\\assets\\resources\\image\\helmet\\item_helmet_4.png": {
    "time": 1655020428270.2583,
    "uuid": "afb1c739-f8eb-4f09-8df8-8c080ee9e78c",
    "missing": false
  },
  "D:\\CocosProjects\\Battle Game\\assets\\resources\\image\\helmet\\item_helmet_1.png": {
    "time": 1655020437405.8335,
    "uuid": "7e763fde-0f9b-47fb-9728-c0d7595c5771",
    "missing": false
  },
  "D:\\CocosProjects\\Battle Game\\assets\\resources\\image\\helmet\\item_helmet_0.png": {
    "time": 1655020307767.5562,
    "uuid": "b304e668-bc7b-42c3-ad58-90fcbdf9ac38",
    "missing": false
  },
  "D:\\CocosProjects\\Battle Game\\assets\\resources\\image\\helmet\\item_helmet_2.png": {
    "time": 1655020434243.8757,
    "uuid": "8112aefa-4a31-4e37-98a4-954deaeea72b",
    "missing": false
  },
  "D:\\CocosProjects\\Battle Game\\assets\\resources\\image\\firearmbullet.meta": {
    "time": 1652836617430.7769
  },
  "D:\\CocosProjects\\Battle Game\\assets\\resources\\image\\firearmbullet": {
    "time": 1655044797391.9646,
    "uuid": "0a5fc4c4-5b07-4fc6-b489-bbf35f208dba",
    "missing": false
  },
  "D:\\CocosProjects\\Battle Game\\assets\\resources\\image\\firearmbullet\\bullet_2.png.meta": {
    "time": 1655044796837.8992
  },
  "D:\\CocosProjects\\Battle Game\\assets\\resources\\image\\firearmbullet\\bullet_2.png": {
    "time": 1655044748332.2651,
    "uuid": "01f5fdab-4b93-4cfe-9153-3a5a1091b304",
    "missing": false
  },
  "D:\\CocosProjects\\Battle Game\\assets\\resources\\image\\firearmbullet\\bullet_1.png.meta": {
    "time": 1655044797412.91
  },
  "D:\\CocosProjects\\Battle Game\\assets\\resources\\image\\firearmbullet\\bullet_1.png": {
    "time": 1655044748332.2651,
    "uuid": "f8bcedee-ef65-4e7a-bb98-ac2ef6d95fa6",
    "missing": false
  },
  "D:\\CocosProjects\\Battle Game\\assets\\resources\\image\\firearmbullet\\bullet_0.png.meta": {
    "time": 1655044796238.4749
  },
  "D:\\CocosProjects\\Battle Game\\assets\\resources\\image\\firearmbullet\\bullet_0.png": {
    "time": 1655044748332.2651,
    "uuid": "d1b1e6cd-7cff-4499-bbbb-03df917d7ece",
    "missing": false
  },
  "D:\\CocosProjects\\Battle Game\\assets\\resources\\image\\firearmbullet\\bullet_3.png.meta": {
    "time": 1654250470120.719
  },
  "D:\\CocosProjects\\Battle Game\\assets\\resources\\image\\firearmbullet\\bullet_3.png": {
    "time": 1654250274449.6147,
    "uuid": "55d75e5a-9249-46d7-a8d2-1bc46d091c7e",
    "missing": false
  },
  "D:\\CocosProjects\\Battle Game\\assets\\resources\\image\\firearmbullet\\bullet_-1.png.meta": {
    "time": 1654104602080.7898
  },
  "D:\\CocosProjects\\Battle Game\\assets\\resources\\image\\firearmbullet\\bullet_-1.png": {
    "time": 1654104533985.7852,
    "uuid": "0064e9cf-13dc-46f7-a5dd-93305fbd9834",
    "missing": false
  },
  "D:\\CocosProjects\\Battle Game\\assets\\resources\\image\\bullet.meta": {
    "time": 1655022179592.2622
  },
  "D:\\CocosProjects\\Battle Game\\assets\\resources\\image\\bullet": {
    "time": 1655026093776.969,
    "uuid": "9bf338e0-aa99-42ef-9373-07f1344c9ed9",
    "missing": false
  },
  "D:\\CocosProjects\\Battle Game\\assets\\resources\\image\\bullet\\item_bullet_1.png.meta": {
    "time": 1655026093801.178
  },
  "D:\\CocosProjects\\Battle Game\\assets\\resources\\image\\bullet\\item_bullet_0.png.meta": {
    "time": 1655026092223.2742
  },
  "D:\\CocosProjects\\Battle Game\\assets\\resources\\image\\bullet\\item_bullet_2.png.meta": {
    "time": 1655026091725.5276
  },
  "D:\\CocosProjects\\Battle Game\\assets\\resources\\image\\bullet\\item_bullet_3.png.meta": {
    "time": 1655026092798.734
  },
  "D:\\CocosProjects\\Battle Game\\assets\\resources\\image\\bullet\\item_bullet_4.png.meta": {
    "time": 1655026093262.1357
  },
  "D:\\CocosProjects\\Battle Game\\assets\\resources\\image\\bullet\\item_bullet_1.png": {
    "time": 1655025995390.7437,
    "uuid": "049afacd-e0b8-4828-9dca-3393640813ac",
    "missing": false
  },
  "D:\\CocosProjects\\Battle Game\\assets\\resources\\image\\bullet\\item_bullet_0.png": {
    "time": 1655025986542.3113,
    "uuid": "7df89fc3-73e1-4ca9-a00b-b35218ddb771",
    "missing": false
  },
  "D:\\CocosProjects\\Battle Game\\assets\\resources\\image\\bullet\\item_bullet_2.png": {
    "time": 1655026000908.2637,
    "uuid": "0f06fddc-97f7-45c0-b081-b7fed3530d5f",
    "missing": false
  },
  "D:\\CocosProjects\\Battle Game\\assets\\resources\\image\\bullet\\item_bullet_3.png": {
    "time": 1655026010670.438,
    "uuid": "fbd95b88-51a5-4ebc-8551-1544395c51e1",
    "missing": false
  },
  "D:\\CocosProjects\\Battle Game\\assets\\resources\\image\\bullet\\item_bullet_4.png": {
    "time": 1655026016357.8186,
    "uuid": "258e1b72-b36a-42c2-bdb4-cc4e8aa2d45d",
    "missing": false
  },
  "D:\\CocosProjects\\Battle Game\\assets\\resources\\image\\pack.meta": {
    "time": 1655024050691.1487
  },
  "D:\\CocosProjects\\Battle Game\\assets\\resources\\image\\pack": {
    "time": 1655025955395.2659,
    "uuid": "6615fcf2-576b-48f8-8044-5d3cd258f95c",
    "missing": false
  },
  "D:\\CocosProjects\\Battle Game\\assets\\resources\\image\\pack\\item_pack_0.png.meta": {
    "time": 1655025955423.1902
  },
  "D:\\CocosProjects\\Battle Game\\assets\\resources\\image\\pack\\item_pack_2.png.meta": {
    "time": 1655025954994.8762
  },
  "D:\\CocosProjects\\Battle Game\\assets\\resources\\image\\pack\\item_pack_1.png.meta": {
    "time": 1655025954617.886
  },
  "D:\\CocosProjects\\Battle Game\\assets\\resources\\image\\pack\\item_pack_0.png": {
    "time": 1655025900654.3247,
    "uuid": "8c27c07c-7c51-4355-848a-bb8f083143e3",
    "missing": false
  },
  "D:\\CocosProjects\\Battle Game\\assets\\resources\\image\\pack\\item_pack_2.png": {
    "time": 1655025914365.2317,
    "uuid": "0b6635ac-a724-4808-9b39-c0bf11284880",
    "missing": false
  },
  "D:\\CocosProjects\\Battle Game\\assets\\resources\\image\\pack\\item_pack_1.png": {
    "time": 1655025909188.6416,
    "uuid": "6beea699-14f9-4dc1-85a6-49d1e2b77d59",
    "missing": false
  },
  "D:\\CocosProjects\\Battle Game\\assets\\resources\\image\\medicine.meta": {
    "time": 1655025394612.6665
  },
  "D:\\CocosProjects\\Battle Game\\assets\\resources\\image\\medicine": {
    "time": 1655025687845.802,
    "uuid": "6c1af539-01f2-4a1a-8ddc-7d3ad10bbcd2",
    "missing": false
  },
  "D:\\CocosProjects\\Battle Game\\assets\\resources\\image\\medicine\\item_medicine_0.png.meta": {
    "time": 1655025687359.497
  },
  "D:\\CocosProjects\\Battle Game\\assets\\resources\\image\\medicine\\item_medicine_1.png.meta": {
    "time": 1655025686803.276
  },
  "D:\\CocosProjects\\Battle Game\\assets\\resources\\image\\medicine\\item_medicine_2.png.meta": {
    "time": 1655025687872.7275
  },
  "D:\\CocosProjects\\Battle Game\\assets\\resources\\image\\medicine\\item_medicine_0.png": {
    "time": 1655025617397.2866,
    "uuid": "cf53726e-b9e7-4d3a-aa5e-7bba2ab4016d",
    "missing": false
  },
  "D:\\CocosProjects\\Battle Game\\assets\\resources\\image\\medicine\\item_medicine_1.png": {
    "time": 1655025611284.4084,
    "uuid": "ed438d11-97ba-4954-9017-fed6a6674bc9",
    "missing": false
  },
  "D:\\CocosProjects\\Battle Game\\assets\\resources\\image\\medicine\\item_medicine_2.png": {
    "time": 1655025624621.0498,
    "uuid": "4b836d8f-c87c-4483-90fd-72ec77273a96",
    "missing": false
  }
}
