[
    {
        "fName": "帽子",
        "name": 0,
        "type": 0,
        "armor": 0
    },
    {
        "fName": "一级头盔",
        "name": 1,
        "type": 1,
        "armor": 8
    },
    {
        "fName": "二级头盔",
        "name": 2,
        "type": 1,
        "armor": 12
    },
    {
        "fName": "三级头盔",
        "name": 3,
        "type": 1,
        "armor": 20
    },
    {
        "fName": "防爆头盔",
        "name": 4,
        "type": 2,
        "armor": 12
    }
]