{
    "0": {
        "x": 1,
        "y": 0
    },
    "1": {
        "x": 0.999,
        "y": 0.017
    },
    "2": {
        "x": 0.999,
        "y": 0.034
    },
    "3": {
        "x": 0.998,
        "y": 0.052
    },
    "4": {
        "x": 0.997,
        "y": 0.069
    },
    "5": {
        "x": 0.996,
        "y": 0.087
    },
    "6": {
        "x": 0.994,
        "y": 0.104
    },
    "7": {
        "x": 0.992,
        "y": 0.121
    },
    "8": {
        "x": 0.99,
        "y": 0.139
    },
    "9": {
        "x": 0.987,
        "y": 0.156
    },
    "10": {
        "x": 0.984,
        "y": 0.173
    },
    "11": {
        "x": 0.981,
        "y": 0.19
    },
    "12": {
        "x": 0.978,
        "y": 0.207
    },
    "13": {
        "x": 0.974,
        "y": 0.224
    },
    "14": {
        "x": 0.97,
        "y": 0.241
    },
    "15": {
        "x": 0.965,
        "y": 0.258
    },
    "16": {
        "x": 0.961,
        "y": 0.275
    },
    "17": {
        "x": 0.956,
        "y": 0.292
    },
    "18": {
        "x": 0.951,
        "y": 0.309
    },
    "19": {
        "x": 0.945,
        "y": 0.325
    },
    "20": {
        "x": 0.939,
        "y": 0.342
    },
    "21": {
        "x": 0.933,
        "y": 0.358
    },
    "22": {
        "x": 0.927,
        "y": 0.374
    },
    "23": {
        "x": 0.92,
        "y": 0.39
    },
    "24": {
        "x": 0.913,
        "y": 0.406
    },
    "25": {
        "x": 0.906,
        "y": 0.422
    },
    "26": {
        "x": 0.898,
        "y": 0.438
    },
    "27": {
        "x": 0.891,
        "y": 0.453
    },
    "28": {
        "x": 0.882,
        "y": 0.469
    },
    "29": {
        "x": 0.874,
        "y": 0.484
    },
    "30": {
        "x": 0.866,
        "y": 0.499
    },
    "31": {
        "x": 0.857,
        "y": 0.515
    },
    "32": {
        "x": 0.848,
        "y": 0.529
    },
    "33": {
        "x": 0.838,
        "y": 0.544
    },
    "34": {
        "x": 0.829,
        "y": 0.559
    },
    "35": {
        "x": 0.819,
        "y": 0.573
    },
    "36": {
        "x": 0.809,
        "y": 0.587
    },
    "37": {
        "x": 0.798,
        "y": 0.601
    },
    "38": {
        "x": 0.788,
        "y": 0.615
    },
    "39": {
        "x": 0.777,
        "y": 0.629
    },
    "40": {
        "x": 0.766,
        "y": 0.642
    },
    "41": {
        "x": 0.754,
        "y": 0.656
    },
    "42": {
        "x": 0.743,
        "y": 0.669
    },
    "43": {
        "x": 0.731,
        "y": 0.681
    },
    "44": {
        "x": 0.719,
        "y": 0.694
    },
    "45": {
        "x": 0.707,
        "y": 0.707
    },
    "46": {
        "x": 0.694,
        "y": 0.719
    },
    "47": {
        "x": 0.681,
        "y": 0.731
    },
    "48": {
        "x": 0.669,
        "y": 0.743
    },
    "49": {
        "x": 0.656,
        "y": 0.754
    },
    "50": {
        "x": 0.642,
        "y": 0.766
    },
    "51": {
        "x": 0.629,
        "y": 0.777
    },
    "52": {
        "x": 0.615,
        "y": 0.788
    },
    "53": {
        "x": 0.601,
        "y": 0.798
    },
    "54": {
        "x": 0.587,
        "y": 0.809
    },
    "55": {
        "x": 0.573,
        "y": 0.819
    },
    "56": {
        "x": 0.559,
        "y": 0.829
    },
    "57": {
        "x": 0.544,
        "y": 0.838
    },
    "58": {
        "x": 0.529,
        "y": 0.848
    },
    "59": {
        "x": 0.515,
        "y": 0.857
    },
    "60": {
        "x": 0.5,
        "y": 0.866
    },
    "61": {
        "x": 0.484,
        "y": 0.874
    },
    "62": {
        "x": 0.469,
        "y": 0.882
    },
    "63": {
        "x": 0.453,
        "y": 0.891
    },
    "64": {
        "x": 0.438,
        "y": 0.898
    },
    "65": {
        "x": 0.422,
        "y": 0.906
    },
    "66": {
        "x": 0.406,
        "y": 0.913
    },
    "67": {
        "x": 0.39,
        "y": 0.92
    },
    "68": {
        "x": 0.374,
        "y": 0.927
    },
    "69": {
        "x": 0.358,
        "y": 0.933
    },
    "70": {
        "x": 0.342,
        "y": 0.939
    },
    "71": {
        "x": 0.325,
        "y": 0.945
    },
    "72": {
        "x": 0.309,
        "y": 0.951
    },
    "73": {
        "x": 0.292,
        "y": 0.956
    },
    "74": {
        "x": 0.275,
        "y": 0.961
    },
    "75": {
        "x": 0.258,
        "y": 0.965
    },
    "76": {
        "x": 0.241,
        "y": 0.97
    },
    "77": {
        "x": 0.224,
        "y": 0.974
    },
    "78": {
        "x": 0.207,
        "y": 0.978
    },
    "79": {
        "x": 0.19,
        "y": 0.981
    },
    "80": {
        "x": 0.173,
        "y": 0.984
    },
    "81": {
        "x": 0.156,
        "y": 0.987
    },
    "82": {
        "x": 0.139,
        "y": 0.99
    },
    "83": {
        "x": 0.121,
        "y": 0.992
    },
    "84": {
        "x": 0.104,
        "y": 0.994
    },
    "85": {
        "x": 0.087,
        "y": 0.996
    },
    "86": {
        "x": 0.069,
        "y": 0.997
    },
    "87": {
        "x": 0.052,
        "y": 0.998
    },
    "88": {
        "x": 0.034,
        "y": 0.999
    },
    "89": {
        "x": 0.017,
        "y": 0.999
    },
    "90": {
        "x": 0,
        "y": 1
    },
    "91": {
        "x": -0.018,
        "y": 0.999
    },
    "92": {
        "x": -0.035,
        "y": 0.999
    },
    "93": {
        "x": -0.053,
        "y": 0.998
    },
    "94": {
        "x": -0.07,
        "y": 0.997
    },
    "95": {
        "x": -0.088,
        "y": 0.996
    },
    "96": {
        "x": -0.105,
        "y": 0.994
    },
    "97": {
        "x": -0.122,
        "y": 0.992
    },
    "98": {
        "x": -0.14,
        "y": 0.99
    },
    "99": {
        "x": -0.157,
        "y": 0.987
    },
    "100": {
        "x": -0.174,
        "y": 0.984
    },
    "101": {
        "x": -0.191,
        "y": 0.981
    },
    "102": {
        "x": -0.208,
        "y": 0.978
    },
    "103": {
        "x": -0.225,
        "y": 0.974
    },
    "104": {
        "x": -0.242,
        "y": 0.97
    },
    "105": {
        "x": -0.259,
        "y": 0.965
    },
    "106": {
        "x": -0.276,
        "y": 0.961
    },
    "107": {
        "x": -0.293,
        "y": 0.956
    },
    "108": {
        "x": -0.31,
        "y": 0.951
    },
    "109": {
        "x": -0.326,
        "y": 0.945
    },
    "110": {
        "x": -0.343,
        "y": 0.939
    },
    "111": {
        "x": -0.359,
        "y": 0.933
    },
    "112": {
        "x": -0.375,
        "y": 0.927
    },
    "113": {
        "x": -0.391,
        "y": 0.92
    },
    "114": {
        "x": -0.407,
        "y": 0.913
    },
    "115": {
        "x": -0.423,
        "y": 0.906
    },
    "116": {
        "x": -0.439,
        "y": 0.898
    },
    "117": {
        "x": -0.454,
        "y": 0.891
    },
    "118": {
        "x": -0.47,
        "y": 0.882
    },
    "119": {
        "x": -0.485,
        "y": 0.874
    },
    "120": {
        "x": -0.5,
        "y": 0.866
    },
    "121": {
        "x": -0.516,
        "y": 0.857
    },
    "122": {
        "x": -0.53,
        "y": 0.848
    },
    "123": {
        "x": -0.545,
        "y": 0.838
    },
    "124": {
        "x": -0.56,
        "y": 0.829
    },
    "125": {
        "x": -0.574,
        "y": 0.819
    },
    "126": {
        "x": -0.588,
        "y": 0.809
    },
    "127": {
        "x": -0.602,
        "y": 0.798
    },
    "128": {
        "x": -0.616,
        "y": 0.788
    },
    "129": {
        "x": -0.63,
        "y": 0.777
    },
    "130": {
        "x": -0.643,
        "y": 0.766
    },
    "131": {
        "x": -0.657,
        "y": 0.754
    },
    "132": {
        "x": -0.67,
        "y": 0.743
    },
    "133": {
        "x": -0.682,
        "y": 0.731
    },
    "134": {
        "x": -0.695,
        "y": 0.719
    },
    "135": {
        "x": -0.708,
        "y": 0.707
    },
    "136": {
        "x": -0.72,
        "y": 0.694
    },
    "137": {
        "x": -0.732,
        "y": 0.681
    },
    "138": {
        "x": -0.744,
        "y": 0.669
    },
    "139": {
        "x": -0.755,
        "y": 0.656
    },
    "140": {
        "x": -0.767,
        "y": 0.642
    },
    "141": {
        "x": -0.778,
        "y": 0.629
    },
    "142": {
        "x": -0.789,
        "y": 0.615
    },
    "143": {
        "x": -0.799,
        "y": 0.601
    },
    "144": {
        "x": -0.81,
        "y": 0.587
    },
    "145": {
        "x": -0.82,
        "y": 0.573
    },
    "146": {
        "x": -0.83,
        "y": 0.559
    },
    "147": {
        "x": -0.839,
        "y": 0.544
    },
    "148": {
        "x": -0.849,
        "y": 0.529
    },
    "149": {
        "x": -0.858,
        "y": 0.515
    },
    "150": {
        "x": -0.867,
        "y": 0.499
    },
    "151": {
        "x": -0.875,
        "y": 0.484
    },
    "152": {
        "x": -0.883,
        "y": 0.469
    },
    "153": {
        "x": -0.892,
        "y": 0.453
    },
    "154": {
        "x": -0.899,
        "y": 0.438
    },
    "155": {
        "x": -0.907,
        "y": 0.422
    },
    "156": {
        "x": -0.914,
        "y": 0.406
    },
    "157": {
        "x": -0.921,
        "y": 0.39
    },
    "158": {
        "x": -0.928,
        "y": 0.374
    },
    "159": {
        "x": -0.934,
        "y": 0.358
    },
    "160": {
        "x": -0.94,
        "y": 0.342
    },
    "161": {
        "x": -0.946,
        "y": 0.325
    },
    "162": {
        "x": -0.952,
        "y": 0.309
    },
    "163": {
        "x": -0.957,
        "y": 0.292
    },
    "164": {
        "x": -0.962,
        "y": 0.275
    },
    "165": {
        "x": -0.966,
        "y": 0.258
    },
    "166": {
        "x": -0.971,
        "y": 0.241
    },
    "167": {
        "x": -0.975,
        "y": 0.224
    },
    "168": {
        "x": -0.979,
        "y": 0.207
    },
    "169": {
        "x": -0.982,
        "y": 0.19
    },
    "170": {
        "x": -0.985,
        "y": 0.173
    },
    "171": {
        "x": -0.988,
        "y": 0.156
    },
    "172": {
        "x": -0.991,
        "y": 0.139
    },
    "173": {
        "x": -0.993,
        "y": 0.121
    },
    "174": {
        "x": -0.995,
        "y": 0.104
    },
    "175": {
        "x": -0.997,
        "y": 0.087
    },
    "176": {
        "x": -0.998,
        "y": 0.069
    },
    "177": {
        "x": -0.999,
        "y": 0.052
    },
    "178": {
        "x": -1,
        "y": 0.034
    },
    "179": {
        "x": -1,
        "y": 0.017
    },
    "180": {
        "x": -1,
        "y": 0
    },
    "-180": {
        "x": -1,
        "y": -0.001
    },
    "-179": {
        "x": -1,
        "y": -0.018
    },
    "-178": {
        "x": -1,
        "y": -0.035
    },
    "-177": {
        "x": -0.999,
        "y": -0.053
    },
    "-176": {
        "x": -0.998,
        "y": -0.07
    },
    "-175": {
        "x": -0.997,
        "y": -0.088
    },
    "-174": {
        "x": -0.995,
        "y": -0.105
    },
    "-173": {
        "x": -0.993,
        "y": -0.122
    },
    "-172": {
        "x": -0.991,
        "y": -0.14
    },
    "-171": {
        "x": -0.988,
        "y": -0.157
    },
    "-170": {
        "x": -0.985,
        "y": -0.174
    },
    "-169": {
        "x": -0.982,
        "y": -0.191
    },
    "-168": {
        "x": -0.979,
        "y": -0.208
    },
    "-167": {
        "x": -0.975,
        "y": -0.225
    },
    "-166": {
        "x": -0.971,
        "y": -0.242
    },
    "-165": {
        "x": -0.966,
        "y": -0.259
    },
    "-164": {
        "x": -0.962,
        "y": -0.276
    },
    "-163": {
        "x": -0.957,
        "y": -0.293
    },
    "-162": {
        "x": -0.952,
        "y": -0.31
    },
    "-161": {
        "x": -0.946,
        "y": -0.326
    },
    "-160": {
        "x": -0.94,
        "y": -0.343
    },
    "-159": {
        "x": -0.934,
        "y": -0.359
    },
    "-158": {
        "x": -0.928,
        "y": -0.375
    },
    "-157": {
        "x": -0.921,
        "y": -0.391
    },
    "-156": {
        "x": -0.914,
        "y": -0.407
    },
    "-155": {
        "x": -0.907,
        "y": -0.423
    },
    "-154": {
        "x": -0.899,
        "y": -0.439
    },
    "-153": {
        "x": -0.892,
        "y": -0.454
    },
    "-152": {
        "x": -0.883,
        "y": -0.47
    },
    "-151": {
        "x": -0.875,
        "y": -0.485
    },
    "-150": {
        "x": -0.867,
        "y": -0.5
    },
    "-149": {
        "x": -0.858,
        "y": -0.516
    },
    "-148": {
        "x": -0.849,
        "y": -0.53
    },
    "-147": {
        "x": -0.839,
        "y": -0.545
    },
    "-146": {
        "x": -0.83,
        "y": -0.56
    },
    "-145": {
        "x": -0.82,
        "y": -0.574
    },
    "-144": {
        "x": -0.81,
        "y": -0.588
    },
    "-143": {
        "x": -0.799,
        "y": -0.602
    },
    "-142": {
        "x": -0.789,
        "y": -0.616
    },
    "-141": {
        "x": -0.778,
        "y": -0.63
    },
    "-140": {
        "x": -0.767,
        "y": -0.643
    },
    "-139": {
        "x": -0.755,
        "y": -0.657
    },
    "-138": {
        "x": -0.744,
        "y": -0.67
    },
    "-137": {
        "x": -0.732,
        "y": -0.682
    },
    "-136": {
        "x": -0.72,
        "y": -0.695
    },
    "-135": {
        "x": -0.708,
        "y": -0.708
    },
    "-134": {
        "x": -0.695,
        "y": -0.72
    },
    "-133": {
        "x": -0.682,
        "y": -0.732
    },
    "-132": {
        "x": -0.67,
        "y": -0.744
    },
    "-131": {
        "x": -0.657,
        "y": -0.755
    },
    "-130": {
        "x": -0.643,
        "y": -0.767
    },
    "-129": {
        "x": -0.63,
        "y": -0.778
    },
    "-128": {
        "x": -0.616,
        "y": -0.789
    },
    "-127": {
        "x": -0.602,
        "y": -0.799
    },
    "-126": {
        "x": -0.588,
        "y": -0.81
    },
    "-125": {
        "x": -0.574,
        "y": -0.82
    },
    "-124": {
        "x": -0.56,
        "y": -0.83
    },
    "-123": {
        "x": -0.545,
        "y": -0.839
    },
    "-122": {
        "x": -0.53,
        "y": -0.849
    },
    "-121": {
        "x": -0.516,
        "y": -0.858
    },
    "-120": {
        "x": -0.5,
        "y": -0.867
    },
    "-119": {
        "x": -0.485,
        "y": -0.875
    },
    "-118": {
        "x": -0.47,
        "y": -0.883
    },
    "-117": {
        "x": -0.454,
        "y": -0.892
    },
    "-116": {
        "x": -0.439,
        "y": -0.899
    },
    "-115": {
        "x": -0.423,
        "y": -0.907
    },
    "-114": {
        "x": -0.407,
        "y": -0.914
    },
    "-113": {
        "x": -0.391,
        "y": -0.921
    },
    "-112": {
        "x": -0.375,
        "y": -0.928
    },
    "-111": {
        "x": -0.359,
        "y": -0.934
    },
    "-110": {
        "x": -0.343,
        "y": -0.94
    },
    "-109": {
        "x": -0.326,
        "y": -0.946
    },
    "-108": {
        "x": -0.31,
        "y": -0.952
    },
    "-107": {
        "x": -0.293,
        "y": -0.957
    },
    "-106": {
        "x": -0.276,
        "y": -0.962
    },
    "-105": {
        "x": -0.259,
        "y": -0.966
    },
    "-104": {
        "x": -0.242,
        "y": -0.971
    },
    "-103": {
        "x": -0.225,
        "y": -0.975
    },
    "-102": {
        "x": -0.208,
        "y": -0.979
    },
    "-101": {
        "x": -0.191,
        "y": -0.982
    },
    "-100": {
        "x": -0.174,
        "y": -0.985
    },
    "-99": {
        "x": -0.157,
        "y": -0.988
    },
    "-98": {
        "x": -0.14,
        "y": -0.991
    },
    "-97": {
        "x": -0.122,
        "y": -0.993
    },
    "-96": {
        "x": -0.105,
        "y": -0.995
    },
    "-95": {
        "x": -0.088,
        "y": -0.997
    },
    "-94": {
        "x": -0.07,
        "y": -0.998
    },
    "-93": {
        "x": -0.053,
        "y": -0.999
    },
    "-92": {
        "x": -0.035,
        "y": -1
    },
    "-91": {
        "x": -0.018,
        "y": -1
    },
    "-90": {
        "x": 0,
        "y": -1
    },
    "-89": {
        "x": 0.017,
        "y": -1
    },
    "-88": {
        "x": 0.034,
        "y": -1
    },
    "-87": {
        "x": 0.052,
        "y": -0.999
    },
    "-86": {
        "x": 0.069,
        "y": -0.998
    },
    "-85": {
        "x": 0.087,
        "y": -0.997
    },
    "-84": {
        "x": 0.104,
        "y": -0.995
    },
    "-83": {
        "x": 0.121,
        "y": -0.993
    },
    "-82": {
        "x": 0.139,
        "y": -0.991
    },
    "-81": {
        "x": 0.156,
        "y": -0.988
    },
    "-80": {
        "x": 0.173,
        "y": -0.985
    },
    "-79": {
        "x": 0.19,
        "y": -0.982
    },
    "-78": {
        "x": 0.207,
        "y": -0.979
    },
    "-77": {
        "x": 0.224,
        "y": -0.975
    },
    "-76": {
        "x": 0.241,
        "y": -0.971
    },
    "-75": {
        "x": 0.258,
        "y": -0.966
    },
    "-74": {
        "x": 0.275,
        "y": -0.962
    },
    "-73": {
        "x": 0.292,
        "y": -0.957
    },
    "-72": {
        "x": 0.309,
        "y": -0.952
    },
    "-71": {
        "x": 0.325,
        "y": -0.946
    },
    "-70": {
        "x": 0.342,
        "y": -0.94
    },
    "-69": {
        "x": 0.358,
        "y": -0.934
    },
    "-68": {
        "x": 0.374,
        "y": -0.928
    },
    "-67": {
        "x": 0.39,
        "y": -0.921
    },
    "-66": {
        "x": 0.406,
        "y": -0.914
    },
    "-65": {
        "x": 0.422,
        "y": -0.907
    },
    "-64": {
        "x": 0.438,
        "y": -0.899
    },
    "-63": {
        "x": 0.453,
        "y": -0.892
    },
    "-62": {
        "x": 0.469,
        "y": -0.883
    },
    "-61": {
        "x": 0.484,
        "y": -0.875
    },
    "-60": {
        "x": 0.5,
        "y": -0.867
    },
    "-59": {
        "x": 0.515,
        "y": -0.858
    },
    "-58": {
        "x": 0.529,
        "y": -0.849
    },
    "-57": {
        "x": 0.544,
        "y": -0.839
    },
    "-56": {
        "x": 0.559,
        "y": -0.83
    },
    "-55": {
        "x": 0.573,
        "y": -0.82
    },
    "-54": {
        "x": 0.587,
        "y": -0.81
    },
    "-53": {
        "x": 0.601,
        "y": -0.799
    },
    "-52": {
        "x": 0.615,
        "y": -0.789
    },
    "-51": {
        "x": 0.629,
        "y": -0.778
    },
    "-50": {
        "x": 0.642,
        "y": -0.767
    },
    "-49": {
        "x": 0.656,
        "y": -0.755
    },
    "-48": {
        "x": 0.669,
        "y": -0.744
    },
    "-47": {
        "x": 0.681,
        "y": -0.732
    },
    "-46": {
        "x": 0.694,
        "y": -0.72
    },
    "-45": {
        "x": 0.707,
        "y": -0.708
    },
    "-44": {
        "x": 0.719,
        "y": -0.695
    },
    "-43": {
        "x": 0.731,
        "y": -0.682
    },
    "-42": {
        "x": 0.743,
        "y": -0.67
    },
    "-41": {
        "x": 0.754,
        "y": -0.657
    },
    "-40": {
        "x": 0.766,
        "y": -0.643
    },
    "-39": {
        "x": 0.777,
        "y": -0.63
    },
    "-38": {
        "x": 0.788,
        "y": -0.616
    },
    "-37": {
        "x": 0.798,
        "y": -0.602
    },
    "-36": {
        "x": 0.809,
        "y": -0.588
    },
    "-35": {
        "x": 0.819,
        "y": -0.574
    },
    "-34": {
        "x": 0.829,
        "y": -0.56
    },
    "-33": {
        "x": 0.838,
        "y": -0.545
    },
    "-32": {
        "x": 0.848,
        "y": -0.53
    },
    "-31": {
        "x": 0.857,
        "y": -0.516
    },
    "-30": {
        "x": 0.866,
        "y": -0.5
    },
    "-29": {
        "x": 0.874,
        "y": -0.485
    },
    "-28": {
        "x": 0.882,
        "y": -0.47
    },
    "-27": {
        "x": 0.891,
        "y": -0.454
    },
    "-26": {
        "x": 0.898,
        "y": -0.439
    },
    "-25": {
        "x": 0.906,
        "y": -0.423
    },
    "-24": {
        "x": 0.913,
        "y": -0.407
    },
    "-23": {
        "x": 0.92,
        "y": -0.391
    },
    "-22": {
        "x": 0.927,
        "y": -0.375
    },
    "-21": {
        "x": 0.933,
        "y": -0.359
    },
    "-20": {
        "x": 0.939,
        "y": -0.343
    },
    "-19": {
        "x": 0.945,
        "y": -0.326
    },
    "-18": {
        "x": 0.951,
        "y": -0.31
    },
    "-17": {
        "x": 0.956,
        "y": -0.293
    },
    "-16": {
        "x": 0.961,
        "y": -0.276
    },
    "-15": {
        "x": 0.965,
        "y": -0.259
    },
    "-14": {
        "x": 0.97,
        "y": -0.242
    },
    "-13": {
        "x": 0.974,
        "y": -0.225
    },
    "-12": {
        "x": 0.978,
        "y": -0.208
    },
    "-11": {
        "x": 0.981,
        "y": -0.191
    },
    "-10": {
        "x": 0.984,
        "y": -0.174
    },
    "-9": {
        "x": 0.987,
        "y": -0.157
    },
    "-8": {
        "x": 0.99,
        "y": -0.14
    },
    "-7": {
        "x": 0.992,
        "y": -0.122
    },
    "-6": {
        "x": 0.994,
        "y": -0.105
    },
    "-5": {
        "x": 0.996,
        "y": -0.088
    },
    "-4": {
        "x": 0.997,
        "y": -0.07
    },
    "-3": {
        "x": 0.998,
        "y": -0.053
    },
    "-2": {
        "x": 0.999,
        "y": -0.035
    },
    "-1": {
        "x": 0.999,
        "y": -0.018
    }
}