{
  "__type__": "cc.JsonAsset",
  "_name": "armor",
  "_objFlags": 0,
  "_native": "",
  "json": [
    {
      "fName": "白衬衫",
      "name": 0,
      "type": 0,
      "armor": 0
    },
    {
      "fName": "一级防弹甲",
      "name": 1,
      "type": 1,
      "armor": 10
    },
    {
      "fName": "二级防弹甲",
      "name": 2,
      "type": 1,
      "armor": 15
    },
    {
      "fName": "三级防弹甲",
      "name": 3,
      "type": 1,
      "armor": 25
    },
    {
      "fName": "防爆甲",
      "name": 4,
      "type": 2,
      "armor": 15
    }
  ]
}